Nombre_Cancion,Nombre_Artista,cantidad_artistas,anio,mes,dia,nro_playlist,transmisiones,bpm,%_bailable,%_positividad,%_energia,%_sonido_acustico,%_instrumental,Género
Love Grows (Where My Rosemary Goes),Edison Lighthouse,1,1970,1,1,2877,BPM110KeyAModeMajorDanceability53Valence75Energy69Acousticness7Instrumentalness0Liveness17Speechiness3,110,53,75,69,7,0,Pop
Anti-Hero,Taylor Swift,1,2022,10,21,9082,999748277,97,64,51,63,12,0,Rock
Glimpse of Us,Joji,1,2022,6,10,6330,988515741,170,44,27,32,89,0,Hardcore
Seek & Destroy,SZA,1,2022,12,9,1007,98709329,152,65,35,65,44,18,Trance
Summertime Sadness,Lana Del Rey,1,2011,1,1,20333,983637508,112,56,24,66,7,0,Pop
"Come Back Home - From ""Purple Hearts""",Sofia Carson,1,2022,7,12,367,97610446,145,56,43,53,24,0,Trance
Where Are You Now,"Lost Frequencies, Calum Scott",2,2021,7,30,10565,972509632,121,67,26,64,52,0,Electrónica/Dance
I Love You So,The Walters,1,2014,11,28,7536,972164968,76,58,46,67,65,0,Rock
Queencard,(G)I-DLE,1,2023,5,15,451,96273746,130,82,69,83,3,0,Electrónica/Dance
Double Fantasy (with Future),"The Weeknd, Future",2,2023,4,21,1169,96180277,119,60,10,57,1,0,Pop
Alone,Burna Boy,1,2022,11,4,782,96007391,90,61,32,67,15,0,Rock
People Pt.2 (feat. IU),"IU, Agust D",2,2023,4,7,209,95816024,89,73,44,57,39,0,Rock
No Lie,"Sean Paul, Dua Lipa",2,2016,11,18,7370,956865266,102,74,45,89,5,0,Pop
Everything I Love,Morgan Wallen,1,2023,1,31,579,95623148,104,56,72,85,0,0,Pop
fukumean,Gunna,1,2023,5,15,1096,95217315,130,85,22,62,12,0,Electrónica/Dance
What It Is (Solo Version),Doechii,1,2023,3,17,804,95131998,172,74,76,76,6,0,Hardcore
Sure Thing,Miguel,1,2010,5,25,13801,950906471,81,68,51,60,3,0,Rock
"Residente: Bzrp Music Sessions, Vol. 49","Residente, Bizarrap",2,2022,3,3,461,94616487,71,59,70,74,56,0,Rock
"Am I Dreaming (Metro Boomin & A$AP Rocky, Roisee)","A$AP Rocky, Metro Boomin, Roisee",3,2023,6,2,727,94186466,90,60,13,53,4,0,Rock
Used (feat. Don Toliver),"SZA, Don Toliver",2,2022,12,8,1042,94005786,150,73,71,69,53,0,Trance
Sem Alianï¿½ï¿½a no ,"MC Xenon, Os Gemeos da Putaria",2,2022,12,23,454,93587665,83,53,40,36,73,0,Rock
PERO Tï¿,"Karol G, Quevedo",2,2023,2,23,387,93438910,140,86,68,79,39,0,Techno
Get Lucky - Radio Edit,"Pharrell Williams, Nile Rodgers, Daft Punk",3,2013,1,1,52898,933815613,116,79,87,81,4,0,Pop
BackOutsideBoyz,Drake,1,2022,11,4,1045,93367537,142,85,40,43,4,0,Trance
Wait a Minute!,Willow,1,2015,1,11,11985,924193303,101,76,63,71,3,0,Pop
THATS WHAT I WANT,Lil Nas X,1,2021,9,17,7963,920797189,88,74,55,85,1,0,Rock
UNFORGIVEN (feat. Nile Rodgers),"Nile Rodgers, LE SSERAFIM",2,2023,5,1,327,92035115,104,80,38,88,11,0,Pop
Dark Red,Steve Lacy,1,2017,2,20,10431,920045682,172,60,77,78,45,0,Hardcore
Stan,"Eminem, Dido",2,1999,11,21,17115,918915401,80,78,53,74,4,0,Rock
So Good,Halsey,1,2022,6,9,1057,91781263,83,63,29,62,4,0,Rock
I Heard You're Married (feat. Lil Wayne),"The Weeknd, Lil Wayne",2,2022,1,7,1178,91656026,110,75,85,84,10,0,Pop
My Mind & Me,Selena Gomez,1,2022,11,3,953,91473363,144,60,24,39,57,0,Trance
Super,SEVENTEEN,1,2023,4,24,271,91221625,137,77,35,88,16,0,Techno
Moscow Mule,Bad Bunny,1,2022,5,6,4572,909001996,100,80,29,67,29,0,Rock
VAGABUNDO,"Sebastian Yatra, Manuel Turizo, Beï¿½ï",3,2023,5,12,1094,90839753,127,82,89,85,4,0,Electrónica/Dance
Agudo Mï¿½ï¿½gi,"Styrx, utku INC, Thezth",3,1930,1,1,323,90598517,130,65,49,80,22,4,Electrónica/Dance
Rosa Pastel,"Jasiel Nuï¿½ï¿½ez, Peso P",2,2023,2,2,200,90025258,123,70,86,68,24,0,Electrónica/Dance
Abcdario,"Junior H, Eden Muï¿½ï",2,2023,5,13,262,89933133,129,70,42,43,78,0,Electrónica/Dance
Calm Down (with Selena Gomez),"Rï¿½ï¿½ma, Selena G",2,2022,3,25,7112,899183384,107,80,82,80,43,0,Pop
Chance,Paulo Londra,1,2022,4,6,225,89566512,138,72,22,46,24,0,Techno
Infinity,Jaymes Young,1,2017,6,23,4375,888046992,122,67,50,67,15,0,Electrónica/Dance
Ainï¿½ï¿½ï¿½t Tha,Morgan Wallen,1,2023,3,3,356,88791109,121,64,67,80,0,0,Electrónica/Dance
Heartless,Kanye West,1,2008,1,1,17504,887906111,88,79,66,65,5,0,Rock
PROVENZA,Karol G,1,2022,4,21,6587,885093467,111,87,53,52,66,1,Pop
Lover,Taylor Swift,1,2012,1,1,8448,882831184,206,43,50,55,50,0,Hardcore
"Here We Goï¿½ï¿½ï¿½ Again (feat. Tyler, the Cr","The Weeknd, Tyler, The Creator",3,2022,1,7,1420,88103848,135,41,27,64,36,0,Techno
MIDDLE OF THE NIGHT,Elley Duhï¿,1,2020,1,10,4057,872137015,186,41,9,61,2,0,Hardcore
"Annihilate (Spider-Man: Across the Spider-Verse) (Metro Boomin & Swae Lee, Lil Wayne, Offset)","Swae Lee, Lil Wayne, Offset, Metro Boomin",4,2023,6,2,551,86773632,146,61,20,48,21,0,Trance
Streets,Doja Cat,1,2019,11,7,5728,865640097,90,75,19,46,21,4,Rock
LADY GAGA,"Gabito Ballesteros, Junior H, Peso Pluma",3,2023,6,22,332,86444842,140,65,87,74,22,0,Techno
Friday (feat. Mufasa & Hypeman) - Dopamine Re-Edit,"Riton, Nightcrawlers, Mufasa & Hypeman, Dopamine",4,2021,1,15,12043,863756573,123,82,80,86,1,0,Electrónica/Dance
Savior,"Kendrick Lamar, Sam Dew, Baby Keem",3,2022,5,13,2291,86176890,123,61,66,71,53,0,Electrónica/Dance
Hot Shit (feat. Ye & Lil Durk),"Kanye West, Lil Durk, Cardi B",3,2022,7,1,1601,85924992,157,88,52,69,0,0,Trance
California Breeze,Lil Baby,1,2022,10,14,991,85559365,162,74,22,67,0,0,Hardcore
I WANNA BE YOUR SLAVE,Mï¿½ï¿½ne,1,2021,3,19,4873,851070493,133,75,96,61,0,0,Techno
happier,Olivia Rodrigo,1,2021,5,21,3069,850608354,169,39,36,45,81,0,Hardcore
Bye Bye,"Marshmello, Juice WRLD",2,2022,10,14,766,84697729,83,65,24,53,6,0,Rock
Creepin',"The Weeknd, 21 Savage, Metro Boomin",3,2022,12,2,6036,843957510,98,71,17,61,36,0,Rock
The Next Episode,"Dr. Dre, Snoop Dogg",2,1999,1,1,31762,843309044,95,92,31,89,3,0,Rock
Apocalypse,Cigarettes After Sex,1,2017,3,21,13091,841749534,94,37,17,47,2,46,Rock
Dream On,Aerosmith,1,1973,1,5,168,838586769,80,39,24,43,39,0,Rock
Bones,Imagine Dragons,1,2021,3,11,4198,838079900,114,77,65,72,2,0,Pop
I Wrote The Book,Morgan Wallen,1,2023,1,31,430,83021468,144,68,83,81,9,0,Trance
Good Days,SZA,1,2020,12,24,10426,826623384,121,46,53,78,23,0,Electrónica/Dance
Freaks,Surf Curse,1,2015,5,10,3006,824420218,180,35,41,94,0,63,Hardcore
Bad Habit,Steve Lacy,1,2022,6,29,8186,822633917,169,69,69,51,63,0,Hardcore
Lost,Frank Ocean,1,2012,1,1,29499,822239726,123,91,49,61,3,0,Electrónica/Dance
Red Ruby Da Sleeze,Nicki Minaj,1,2023,3,3,1168,81419389,98,70,29,73,12,0,Rock
Do We Have A Problem?,"Nicki Minaj, Lil Baby",2,2022,2,4,1064,81350745,120,84,54,51,47,0,Pop
Novo Balanï¿½,"Veigh, Bvga Beatz, Supernova Ent, Prod Malax",4,2023,5,19,283,81102253,124,84,65,50,67,0,Electrónica/Dance
Desesperados,"Chencho Corleone, Rauw Alejandro",2,2021,6,25,6821,809306935,90,87,51,69,36,0,Rock
DOGTOOTH,"Tyler, The Creator",2,2023,3,27,1479,80758350,78,71,80,65,51,0,Rock
It's Beginning To Look A Lot Like Christmas,Michael Bublï¿,1,2011,10,14,12353,807561936,93,35,38,23,91,0,Rock
Golden,Harry Styles,1,2019,12,13,8429,807015863,140,45,25,84,21,0,Techno
Pink + White,Frank Ocean,1,2016,8,20,21574,806397070,160,54,54,55,67,0,Trance
Cruel Summer,Taylor Swift,1,2019,8,23,7858,800840817,170,55,58,72,11,0,Hardcore
RAPSTAR,Polo G,1,2021,4,9,4731,797402345,81,79,44,54,41,0,Rock
Levitating,Dua Lipa,1,2020,3,27,9833,797196073,103,69,90,88,5,0,Pop
Born Singer,BTS,1,2022,6,10,279,79095270,158,60,68,84,4,0,Trance
Style,Taylor Swift,1,2014,1,1,7830,786181836,95,60,48,79,0,0,Rock
Rumble,"Skrillex, Flowdan, Fred again..",3,2022,1,17,2849,78489819,140,81,6,84,5,23,Techno
favorite crime,Olivia Rodrigo,1,2021,5,21,3681,783706581,173,40,19,29,86,0,Hardcore
SABOR FRESA,Fuerza Regida,1,2023,6,22,250,78300654,130,79,96,86,9,0,Electrónica/Dance
DESPECHï¿,ROSALï¿½,1,2022,7,28,7613,782369383,130,92,78,62,18,0,Electrónica/Dance
On Time (with John Legend),"John Legend, Metro Boomin",2,2022,12,2,398,78139948,80,33,51,59,76,0,Rock
Bored,Billie Eilish,1,2017,3,30,4204,777765388,120,60,11,33,90,0,Pop
Lo Siento BB:/ (with Bad Bunny & Julieta Venegas),"Julieta Venegas, Bad Bunny, Tainy",3,2021,10,5,3423,775542072,170,64,14,70,9,0,Hardcore
I Know - PR1SVX Edit,"Kanii, PR1ISVX",2,2023,3,24,407,77377503,134,67,11,76,8,47,Techno
Blessed-Cursed,ENHYPEN,1,2022,1,10,246,77337771,127,60,40,89,9,0,Electrónica/Dance
Primera Cita,Carin Leon,1,2022,4,20,266,77309611,158,54,50,40,61,0,Trance
Conexï¿½ï¿½es de Mï¿½ï¿½fia (feat. Rich ,"Rich The Kid, Matuï¿",2,2023,4,30,385,77233241,117,77,69,58,39,0,Pop
Shoong! (feat. LISA of BLACKPINK),"TAEYANG, Lisa",2,2023,4,25,351,76910644,110,76,26,70,1,0,Pop
Purple Hearts,"Kendrick Lamar, Ghostface Killah, Summer Walker",3,2022,5,13,2308,76831876,138,57,71,82,19,0,Techno
Bite Me,ENHYPEN,1,2023,5,22,349,76767396,105,80,69,78,28,0,Pop
La Santa,"Daddy Yankee, Bad Bunny",2,2020,2,29,4890,759208783,93,74,59,87,3,0,Rock
Bam Bam (feat. Ed Sheeran),"Camila Cabello, Ed Sheeran",2,2022,3,4,6111,756907987,95,76,96,70,18,0,Rock
psychofreak (feat. WILLOW),"Camila Cabello, Willow",2,2022,4,7,918,75476209,180,63,45,64,34,0,Hardcore
golden hour,JVKE,1,2022,7,15,4511,751134527,94,51,14,59,65,18,Rock
Starry Eyes,The Weeknd,1,2022,1,7,1014,74601456,86,28,13,41,50,0,Rock
Late Night Talking,Harry Styles,1,2022,5,20,7461,743693613,115,71,90,73,30,0,Pop
SOS,SZA,1,2022,12,9,827,73981293,119,51,51,66,67,0,Pop
A Veces (feat. Feid),"Feid, Paulo Londra",2,2022,11,3,573,73513683,92,80,81,67,4,0,Rock
Until I Found You,Stephen Sanchez,1,2021,9,1,4427,726434358,202,34,25,51,69,0,Hardcore
Ella Baila Sola,"Eslabon Armado, Peso Pluma",2,2023,3,16,3090,725980112,148,67,83,76,48,0,Trance
About Damn Time,Lizzo,1,2022,4,14,9021,723894473,109,84,72,74,10,0,Pop
About Damn Time,Lizzo,1,2022,7,15,2332,723894473,109,84,72,74,10,0,Pop
we fell in love in october,girl in red,1,2018,11,21,6858,723043854,130,57,24,37,11,18,Electrónica/Dance
"Shakira: Bzrp Music Sessions, Vol. 53","Shakira, Bizarrap",2,2023,1,11,5724,721975598,122,78,50,63,27,0,Electrónica/Dance
Quï¿½ï¿½ Mï¿½ï¿,"J Balvin, Maria Becerra",2,2021,1,28,8087,720825549,102,89,77,82,3,0,Pop
Left and Right (Feat. Jung Kook of BTS),"Charlie Puth, BTS, Jung Kook",3,2022,6,24,3107,720434240,101,88,72,59,62,0,Pop
MAMIII,"Karol G, Becky G",2,2022,2,10,6809,716591492,94,84,90,70,9,0,Rock
Cartï¿½ï¿½o B,"MC Caverinha, KayBlack",2,2023,5,11,269,71573339,108,84,55,47,26,0,Pop
The Heart Part 5,Kendrick Lamar,1,2022,5,8,2939,71423324,98,76,79,81,18,0,Rock
Con La Brisa,"Ludwig Goransson, Foudeqush",2,2022,11,4,486,71095708,114,62,25,44,51,33,Pop
The Rumbling (TV Size),SiM,1,2022,1,10,254,71014967,145,41,65,88,0,0,Trance
Obsessed,"Abhijay Sharma, Riar Saab",2,2022,9,29,161,71007139,135,80,85,74,62,0,Techno
I Was Never There,"The Weeknd, Gesaffelstein",2,2018,3,29,4188,705469769,114,32,17,74,14,0,Pop
Master of Puppets (Remastered),Metallica,1,1986,3,3,6080,704171068,105,54,59,83,0,44,Pop
Bound 2,Kanye West,1,2013,1,1,19806,703301727,149,37,28,66,14,0,Trance
Self Love (Spider-Man: Across the Spider-Verse) (Metro Boomin & Coi Leray),"Metro Boomin, Coi Leray",2,2023,6,2,332,70106975,120,78,5,30,21,0,Pop
Lovezinho,Treyce,1,2022,7,28,242,70069745,128,82,61,59,30,0,Electrónica/Dance
After Hours,The Weeknd,1,2020,2,19,8084,698086140,109,66,16,57,10,1,Pop
First Class,Jack Harlow,1,2022,4,8,8737,694525298,107,91,32,56,3,0,Pop
We Cry Together,"Kendrick Lamar, Taylour Paige",2,2022,5,13,1635,68895644,108,65,52,69,31,0,Pop
Lost in the Fire,"The Weeknd, Gesaffelstein",2,2019,1,11,7731,686734357,101,66,18,68,9,0,Pop
Hits Different,Taylor Swift,1,2023,5,26,547,68616963,106,67,24,78,15,0,Pop
Donï¿½ï¿½ï¿½t Bl,Taylor Swift,1,2017,11,8,4875,685032533,136,62,19,53,11,0,Techno
Reminder,The Weeknd,1,2016,11,25,6518,684675814,160,71,40,50,16,0,Trance
Una Noche en Medellï¿½,Cris Mj,1,2022,1,21,5415,682475162,96,87,82,53,10,0,Rock
Peaches (from The Super Mario Bros. Movie),Jack Black,1,2023,4,7,34,68216992,92,71,41,31,79,0,Rock
Romantic Homicide,d4vd,1,2022,7,20,2335,681583126,132,56,20,55,45,1,Techno
Cool for the Summer,Demi Lovato,1,2015,1,1,9243,677389855,114,59,30,62,1,0,Pop
F2F,SZA,1,2022,12,9,989,67540165,90,53,47,74,9,0,Rock
Forgot About Dre,"Eminem, Dr. Dre",2,1999,1,1,19067,675039469,134,93,61,74,9,0,Techno
Do It To It,"Cherish, ACRAZE",2,2021,8,20,12403,674772936,125,85,64,81,2,5,Electrónica/Dance
Hey Mor,"Ozuna, Feid",2,2022,10,6,4637,674072710,98,90,40,59,0,0,Rock
Volvï¿,"Aventura, Bad Bunny",2,2021,8,3,5375,673801126,176,73,79,86,42,0,Hardcore
You Right,"Doja Cat, The Weeknd",2,2021,6,24,5073,672656250,129,83,44,62,2,0,Electrónica/Dance
Neverita,Bad Bunny,1,2022,5,6,2590,671365962,122,88,43,50,7,0,Electrónica/Dance
VOID,Melanie Martinez,1,2023,3,29,596,67070410,100,72,42,66,18,4,Rock
"Rauw Alejandro: Bzrp Music Sessions, Vol. 56","Rauw Alejandro, Bizarrap",2,2023,6,21,871,66902503,128,78,59,65,10,0,Electrónica/Dance
"jealousy, jealousy",Olivia Rodrigo,1,2021,5,21,3257,665765558,164,70,71,58,24,0,Hardcore
It's the Most Wonderful Time of the Year,Andy Williams,1,1963,10,14,8879,663832097,202,24,76,60,77,0,Hardcore
SloMo,Chanel,1,2021,12,24,1211,65719930,105,73,59,81,13,0,Pop
The Motto,"Tiï¿½ï¿½sto, Ava",2,2021,11,4,9151,656013912,118,75,46,76,3,0,Pop
Superman,"Eminem, Dina Rae",2,2002,5,26,7615,655466831,130,80,64,76,2,0,Electrónica/Dance
S-Class,Stray Kids,1,2023,6,2,290,65496046,105,89,67,78,9,0,Pop
Gone Girl,SZA,1,2022,12,9,892,65362788,150,43,42,44,57,0,Trance
Sunroof,"Nicky Youre, Dazy",2,2021,12,3,3741,652704649,131,77,84,71,35,0,Techno
Leave Before You Love Me (with Jonas Brothers),"Marshmello, Jonas Brothers",2,2021,4,28,4893,651732901,120,72,67,72,0,0,Pop
Gospel (with Eminem),"Eminem, Dr. Dre",2,2022,2,4,1040,64787943,117,92,62,86,11,0,Pop
Bussin,"Nicki Minaj, Lil Baby",2,2022,2,11,847,64714573,140,89,75,70,6,0,Techno
After Dark,Mr.Kitty,1,2014,8,8,1776,646886885,140,58,4,60,7,41,Techno
"Phir Aur Kya Chahiye (From ""Zara Hatke Zara Bachke"")","Arijit Singh, Sachin-Jigar, Amitabha Bhattacharya",3,2023,5,15,178,64533040,100,56,53,55,53,0,Rock
Donï¿½ï¿½ï¿½t Break My,The Weeknd,1,2022,1,7,1184,63803529,122,77,25,62,34,0,Electrónica/Dance
Here With Me,d4vd,1,2022,7,17,3246,635412045,132,58,27,48,50,0,Techno
Mistletoe,Justin Bieber,1,2011,1,1,9577,629173063,162,67,88,54,51,0,Hardcore
2055,Sleepy hallow,1,2021,4,14,2226,624515457,161,78,65,52,46,0,Hardcore
Sparks,Coldplay,1,2000,7,10,10826,624101957,103,37,17,27,75,5,Pop
Enchanted,Taylor Swift,1,2010,1,1,4564,621660989,164,45,24,62,8,0,Hardcore
Notice Me,SZA,1,2022,12,9,819,62019074,160,72,78,68,28,0,Trance
TQG,"Karol G, Shakira",2,2023,2,23,4284,618990393,180,72,61,63,67,0,Hardcore
Worldwide Steppers,Kendrick Lamar,1,2022,5,13,1480,61739839,72,56,56,47,76,0,Rock
Party,"Bad Bunny, Rauw Alejandro",2,2022,5,6,3185,614555082,97,83,47,80,2,0,Rock
MOJABI GHOST,"Tainy, Bad Bunny",2,2023,6,29,859,61245289,122,81,74,71,14,0,Electrónica/Dance
Stargirl Interlude,"The Weeknd, Lana Del Rey",2,2016,11,24,1275,611700552,90,59,52,48,38,5,Rock
Mami Chula,"Quevedo, Jhayco",2,2023,4,27,875,61105704,120,80,33,70,22,0,Pop
Volando - Remix,"Sech, Bad Bunny, Mora",3,2021,7,8,3272,610045621,154,66,63,69,21,0,Trance
I Like You (A Happier Song) (with Doja Cat),"Post Malone, Doja Cat",2,2022,6,3,5281,609293408,101,74,43,69,12,0,Pop
Permission to Dance,BTS,1,2021,7,9,1801,608334048,125,70,65,74,1,0,Electrónica/Dance
Tarot,"Bad Bunny, Jhay Cortez",2,2022,5,6,2482,608228647,114,80,42,68,2,0,Pop
august,Taylor Swift,1,2020,7,24,7324,607123776,90,51,42,61,53,0,Rock
thought i was playing,"21 Savage, Gunna",2,2022,1,7,807,60680939,148,68,29,73,0,0,Trance
Te Felicito,"Shakira, Rauw Alejandro",2,2022,4,21,4796,606361689,174,70,57,64,23,0,Hardcore
Snow On The Beach (feat. More Lana Del Rey),"Lana Del Rey, Taylor Swift",2,2023,5,26,359,60350538,110,66,32,40,81,0,Pop
Feliz Cumpleaï¿½ï¿½os Fe,Feid,1,2022,8,19,3430,601863821,95,87,57,55,10,0,Rock
Until I Found You (with Em Beihold) - Em Beihold Version,"Em Beihold, Stephen Sanchez",2,2022,4,22,2790,600976848,101,34,32,57,78,0,Pop
Softcore,The Neighbourhood,1,2018,3,9,3947,599770206,94,57,36,58,5,0,Rock
Miï¿½ï¿½n,"Tini, Maria Becerra",2,2021,4,29,3406,596152090,92,85,92,54,16,0,Rock
CUFF IT,Beyoncï¿,1,2022,7,29,7842,595900742,115,78,64,69,4,0,Pop
Knife Talk (with 21 Savage ft. Project Pat),"Drake, Project Pat, 21 Savage",3,2021,9,3,5199,594482982,146,85,22,37,13,0,Trance
Fair Trade (with Travis Scott),"Drake, Travis Scott",2,2021,9,3,5403,593917618,168,67,29,47,5,0,Hardcore
Only Love Can Hurt Like This,Paloma Faith,1,2014,1,1,5148,588955257,91,57,30,89,10,0,Rock
Man Made A Bar (feat. Eric Church),"Morgan Wallen, Eric Church",2,2023,3,3,329,58890931,148,50,49,76,12,0,Trance
Mr. Morale,"Kendrick Lamar, Tanna Leone",2,2022,5,13,1860,58687425,174,73,26,54,30,0,Hardcore
Yandel 150,"Yandel, Feid",2,2022,12,20,3618,585695368,168,78,58,73,5,0,Hardcore
SORRY NOT SORRY,"Tyler, The Creator",2,2023,3,31,709,58473276,96,48,50,80,40,0,Rock
House Of Memories,Panic! At The Disco,1,2016,1,15,2948,582863434,110,51,48,82,0,0,Pop
Super Shy,NewJeans,1,2023,7,7,422,58255150,150,78,52,82,18,0,Trance
Columbia,Quevedo,1,2023,7,7,714,58149378,100,67,26,71,37,0,Rock
MONTAGEM - FR PUNK,"Ayparia, unxbected",2,2012,6,20,641,58054811,129,63,84,82,70,8,Electrónica/Dance
69,"Nicky Jam, Feid",2,2023,5,18,1134,57945987,93,79,58,62,11,0,Rock
California Love - Original Version (Explicit),"Dr. Dre, 2Pac, Roger",3,1995,12,28,18773,579395142,92,77,76,84,3,0,Rock
(It Goes Like) Nanana - Edit,Peggy Gou,1,2023,6,15,2259,57876440,130,67,96,88,12,19,Electrónica/Dance
Mon Amour - Remix,"Aitana, zzoilo",2,2020,9,21,3221,578207856,116,75,36,76,12,0,Pop
Rich Flex,"Drake, 21 Savage",2,2022,11,4,4657,573633020,153,56,42,52,5,0,Trance
POLARIS - Remix,"Feid, Mora, Saiko, Quevedo",4,2023,6,8,773,57312735,170,62,55,80,15,0,Hardcore
Smoking on my Ex Pack,SZA,1,2022,12,9,811,57144458,81,47,33,68,24,0,Rock
Atlantis,Seafret,1,2015,4,22,3045,571386359,166,40,23,48,5,0,Hardcore
AMERICA HAS A PROBLEM (feat. Kendrick Lamar),"Kendrick Lamar, Beyoncï¿",2,2023,5,19,896,57089066,126,78,20,70,1,0,Electrónica/Dance
Angels Like You,Miley Cyrus,1,2020,11,27,3372,570515054,122,67,49,64,10,0,Electrónica/Dance
Conceited,SZA,1,2022,12,9,899,56870689,150,79,77,46,5,0,Trance
Don't Be Shy,"Tiï¿½ï¿½sto, Kar",2,2021,8,1,6026,566954746,120,77,51,79,20,0,Pop
ýýý98 Braves,Morgan Wallen,1,2023,3,3,282,56533272,142,49,48,67,10,0,Trance
Still Don't Know My Name,Labrinth,1,2019,10,4,6332,563902868,88,31,31,63,47,27,Rock
family ties (with Kendrick Lamar),"Kendrick Lamar, Baby Keem",2,2021,8,27,6308,560222750,134,71,14,61,1,0,Techno
LUNA,"Junior H, Peso Pluma",2,2023,6,22,201,55842345,128,75,79,63,33,0,Electrónica/Dance
WAIT FOR U (feat. Drake & Tems),"Drake, Future, Tems",3,2022,4,27,5491,556585270,83,46,34,64,31,0,Rock
Formula,Labrinth,1,2019,10,4,3444,554875730,145,57,23,66,4,6,Trance
La Bebe - Remix,"Peso Pluma, Yng Lvcas",2,2023,3,17,2953,553634067,170,81,56,48,21,0,Hardcore
25k jacket (feat. Lil Baby),"Gunna, Lil Baby",2,2022,1,7,620,54937991,115,90,74,54,16,0,Pop
SPACE MAN,Sam Ryder,1,2022,2,22,1329,54682594,80,47,33,83,18,0,Rock
Envolver,Anitta,1,2021,11,11,4673,546191065,92,81,40,73,15,0,Rock
BABY HELLO,"Rauw Alejandro, Bizarrap",2,2023,6,23,1004,54266102,130,77,84,89,17,0,Electrónica/Dance
"Tere Vaaste (From ""Zara Hatke Zara Bachke"")","Sachin-Jigar, Shadab Faridi, Altamash Faridi, Amitabh Bhattacharya, Varun Jain",5,2023,5,22,182,54225632,110,76,96,72,32,0,Pop
Es un Secreto,Plan B,1,2010,7,20,492,540654286,95,84,52,77,12,0,Rock
Lady Mi Amor,Feid,1,2022,9,13,330,53987404,93,78,75,62,6,0,Rock
One Right Now (with The Weeknd),"The Weeknd, Post Malone",2,2021,11,5,4771,539595276,97,68,72,78,4,0,Rock
Dawn FM,The Weeknd,1,2022,1,7,811,53933526,78,27,10,49,62,0,Rock
Still Life,BIGBANG,1,2022,4,5,181,53909146,118,68,24,58,44,0,Pop
La Jumpa,"Arcangel, Bad Bunny",2,2022,11,30,3794,538115192,123,71,58,70,30,0,Electrónica/Dance
Stefania (Kalush Orchestra),KALUSH,1,2022,3,10,555,53729194,105,83,32,82,14,0,Pop
Mirror,Kendrick Lamar,1,2022,5,13,1929,53603447,92,66,29,65,23,0,Rock
Escapism.,"RAYE, 070 Shake",2,2022,10,12,5129,532336353,96,54,25,74,14,0,Rock
Meet Me At Our Spot,"THE ANXIETY, Willow, Tyler Cole",3,2020,3,13,6734,530511203,95,77,40,47,2,0,Rock
AM Remix,"J Balvin, Nio Garcia, Bad Bunny",3,2021,6,24,6556,528544703,172,74,79,66,11,0,Hardcore
HAPPY,NF,1,2023,3,25,660,52722996,106,73,22,86,31,0,Pop
Yo Voy (feat. Daddy Yankee),Zion & Lennox,1,2004,5,4,2954,527033089,95,81,56,70,4,0,Rock
TULUM,"Peso Pluma, Grupo Frontera",2,2023,6,28,266,52294266,168,56,63,87,39,0,Hardcore
I Can See You (Taylorï¿½ï¿½ï¿½s Version) (From The ,Taylor Swift,1,2023,7,7,516,52135248,123,69,82,76,6,0,Electrónica/Dance
Feliz Navidad,Josï¿½ï¿½ Felic,1,1970,11,1,3788,520034544,148,50,96,82,47,0,Trance
Lilith (feat. SUGA of BTS) (Diablo IV Anthem),"Halsey, Suga",2,2023,6,5,215,51985779,84,43,14,74,1,0,Rock
Die For You - Remix,"Ariana Grande, The Weeknd",2,2023,2,24,3408,518745108,67,53,50,53,23,0,Blues
Get Into It (Yuh),Doja Cat,1,2021,6,25,4999,516784627,92,91,79,66,32,0,Rock
Far,SZA,1,2022,12,9,680,51641685,116,61,48,55,67,0,Pop
Sobrio,Maluma,1,2021,7,8,3506,513643924,178,76,63,77,14,0,Hardcore
Tacones Rojos,Sebastian Yatra,1,2021,10,22,3047,510876816,123,75,93,86,8,0,Electrónica/Dance
Mejor Que Yo,"Mambo Kingz, DJ Luian, Anuel Aa",3,2023,5,4,675,50847624,178,62,56,66,18,0,Hardcore
Worst Day,Future,1,2022,2,11,910,50746620,89,65,60,60,11,0,Rock
Sky,Playboi Carti,1,2020,12,25,3297,506778838,140,79,56,91,26,0,Techno
un x100to,"Bad Bunny, Grupo Frontera",2,2023,4,17,2876,505671438,83,57,56,72,23,0,Rock
Made You Look,Meghan Trainor,1,2022,10,21,3956,502574952,145,84,88,53,35,0,Trance
Light Switch,Charlie Puth,1,2022,1,19,4049,500340342,184,69,91,63,11,0,Hardcore
Ain't Shit,Doja Cat,1,2021,6,25,3436,499710590,124,86,62,49,51,0,Electrónica/Dance
Swim,Chase Atlantic,1,2017,10,4,2742,498960285,120,67,8,54,27,0,Pop
Miss You,"Robin Schulz, Oliver Tree",2,2022,8,5,5730,497225336,145,59,20,74,1,0,Trance
Cupid - Twin Ver.,Fifty Fifty,1,2023,2,24,2942,496795686,120,78,76,59,43,0,Pop
Boyfriend,Dove Cameron,1,2022,2,11,3766,496311364,180,35,23,61,23,0,Hardcore
Too Late,SZA,1,2022,12,8,714,49262961,128,45,35,68,78,0,Electrónica/Dance
Way 2 Sexy (with Future & Young Thug),"Drake, Future, Young Thug",3,2021,9,3,5481,489945871,136,80,33,60,0,0,Techno
Lavender Haze,Taylor Swift,1,2022,10,21,3763,488386797,97,73,10,44,26,0,Rock
Underneath the Tree,Kelly Clarkson,1,2013,10,25,6596,485285717,160,51,69,81,0,0,Trance
Doja,Central Cee,1,2022,7,20,4169,482257456,140,91,97,57,38,0,Techno
"Sex, Drugs, Etc.",Beach Weather,1,2016,11,4,3006,480507035,144,57,47,84,1,1,Trance
La Corriente,"Tony Dize, Bad Bunny",2,2022,5,6,1796,479655659,196,66,58,79,23,0,Hardcore
Cheques,Shubh,1,2023,5,19,67,47956378,90,74,36,63,26,0,Rock
LA INOCENTE,"Feid, Mora",2,2022,4,1,2598,477033549,92,76,46,79,31,0,Rock
Holly Jolly Christmas,Michael Bublï¿,1,2011,10,14,7655,476244795,151,65,70,47,87,0,Trance
Let It Snow! Let It Snow! Let It Snow!,"Frank Sinatra, B. Swanson Quartet",2,1950,1,1,10585,473248298,143,60,86,32,88,0,Trance
LOKERA,"Brray, Rauw Alejandro, Lyanno",3,2022,7,25,3301,471819764,102,83,58,83,21,0,Pop
XQ Te Pones Asï¿,"Yandel, Feid",2,2022,9,13,308,47093942,92,81,48,70,13,0,Rock
Lovers Rock,TV Girl,1,2014,6,5,6339,466231982,105,56,57,87,0,1,Pop
Oh My God,Adele,1,2021,11,19,4431,466214729,88,53,55,73,9,0,Rock
Cï¿½ï¿½,Rauw Alejandro,1,2021,6,25,2636,465959382,102,77,26,63,58,0,Pop
AMG,"Natanael Cano, Gabito Ballesteros, Peso Pluma",3,2022,11,24,995,463564958,136,77,79,73,15,0,Techno
Ferrari,"James Hype, Miggy Dela Rosa",2,2022,3,14,7758,462791599,125,84,70,69,1,0,Electrónica/Dance
Despuï¿½ï¿½s de la P,Bad Bunny,1,2022,5,6,2229,461558540,78,56,61,90,36,0,Rock
NEW MAGIC WAND,"Tyler, The Creator",2,2019,5,16,4708,461437791,140,62,46,73,10,0,Techno
Karma (feat. Ice Spice),"Taylor Swift, Ice Spice",2,2023,5,26,588,46142772,90,62,7,62,6,0,Rock
Stand By Me (feat. Morgan Wallen),"Lil Durk, Morgan Wallen",2,2023,5,26,381,46065667,134,76,61,58,6,0,Techno
Happy Xmas (War Is Over),"John Lennon, The Harlem Community Choir, The Plastic Ono Band, Yoko Ono",4,1971,12,1,10829,460492795,147,33,39,61,32,0,Trance
Normal,Feid,1,2022,7,8,2461,459276435,170,71,59,56,4,0,Hardcore
Just Wanna Rock,Lil Uzi Vert,1,2022,10,17,3995,457184829,150,49,4,55,7,0,Trance
Something in the Orange,Zach Bryan,1,2022,4,22,3282,449701773,110,59,22,38,42,0,Pop
Murder In My Mind,Kordhell,1,2022,1,21,2459,448843705,120,71,57,97,1,0,Pop
Vegas (From the Original Motion Picture Soundtrack ELVIS),Doja Cat,1,2022,5,6,4576,448500832,160,80,74,60,8,0,Trance
Let It Snow! Let It Snow! Let It Snow!,Dean Martin,1,1959,11,16,6512,446390129,134,45,72,24,91,0,Techno
Me and Your Mama,Childish Gambino,1,2016,11,10,8775,445590495,118,56,25,45,1,3,Pop
CORAZï¿½ï¿½N VA,Maria Becerra,1,2023,6,22,370,43857627,98,68,40,79,33,0,Rock
Nostï¿½ï¿½l,"Chris Brown, Rvssian, Rauw Alejandro",3,2021,9,8,2780,436695353,98,73,60,85,17,0,Rock
PRC,"Natanael Cano, Peso Pluma",2,2023,1,23,961,436027885,138,78,89,83,10,0,Techno
Piï¿½ï¿½man Deï¿,"Semicenk, Doï¿½ï¿½u ",2,2023,6,2,185,43522589,98,73,45,62,28,0,Rock
Take My Breath,The Weeknd,1,2021,8,6,6392,432702334,121,75,53,74,2,0,Electrónica/Dance
OMG,NewJeans,1,2023,1,2,1783,430977451,127,80,74,77,36,0,Electrónica/Dance
Last Night,Morgan Wallen,1,2023,1,31,2420,429829812,204,52,52,68,46,0,Hardcore
Driving Home for Christmas - 2019 Remaster,Chris Rea,1,1986,1,1,888,429504768,180,51,87,58,36,0,Hardcore
Super Freaky Girl,Nicki Minaj,1,2022,8,12,4827,428685680,133,95,91,89,6,0,Techno
OUT OUT (feat. Charli XCX & Saweetie),"Charli XCX, Jax Jones, Joel Corry, Saweetie",4,2021,8,13,6890,427486004,124,79,79,84,2,0,Electrónica/Dance
All For Us - from the HBO Original Series Euphoria,"Labrinth, Zendaya",2,2019,8,4,5342,426204830,141,37,17,67,2,0,Trance
Crown,Kendrick Lamar,1,2022,5,13,1493,42485571,170,37,14,24,80,0,Hardcore
Thunder,"Prezioso, Gabry Ponte, LUM!X",3,2021,5,7,4846,422691058,101,67,40,90,3,0,Pop
Fuera del mercado,Danny Ocean,1,2022,2,17,2499,421365166,92,45,27,67,32,0,Rock
Notion,The Rare Occasions,1,2016,8,5,2393,421135627,160,31,30,88,7,0,Trance
A Tale By Quincy,The Weeknd,1,2022,1,7,733,41924466,94,46,55,50,71,0,Rock
The Color Violet,Tory Lanez,1,2021,12,10,2585,415932686,105,65,46,53,16,0,Pop
Rich - Interlude,Kendrick Lamar,1,2022,5,13,1103,41210087,104,44,74,42,88,0,Pop
Those Eyes,New West,1,2019,5,10,1507,411747614,120,60,24,35,73,0,Pop
Angel Baby,Troye Sivan,1,2021,9,9,1959,408843328,145,56,41,57,1,0,Trance
Shut up My Moms Calling,Hotel Ugly,1,2020,2,10,1788,405136812,139,48,37,41,32,0,Techno
Sleigh Ride,The Ronettes,1,1963,11,22,10114,404664135,92,53,84,77,40,0,Rock
Karma,Taylor Swift,1,2022,10,21,3818,404562836,90,64,10,62,7,0,Rock
Wonderful Christmastime - Edited Version / Remastered 2011,Paul McCartney,1,1979,11,16,1685,403939487,95,75,74,58,36,0,Rock
Un Coco,Bad Bunny,1,2022,5,6,1029,403231558,152,84,74,69,21,0,Trance
ýýýýýýýýýýýýýýýýýýýýý,Fujii Kaze,1,2020,5,20,685,403097450,158,60,52,76,17,0,Trance
Superhero (Heroes & Villains) [with Future & Chris Brown],"Future, Chris Brown, Metro Boomin",3,2022,12,2,2959,401036314,117,72,45,59,14,0,Pop
Snooze,SZA,1,2022,12,9,2839,399686758,143,56,39,55,14,0,Trance
Curtains,Ed Sheeran,1,2023,5,5,715,39893489,176,50,44,76,10,0,Hardcore
Ditto,NewJeans,1,2022,12,19,1154,397582059,134,81,18,64,3,0,Techno
Novidade na ï¿½ï¿,"Mc Livinho, DJ Matt D",2,2023,6,23,267,39709092,130,63,36,34,76,0,Electrónica/Dance
Hummingbird (Metro Boomin & James Blake),"James Blake, Metro Boomin",2,2023,6,2,277,39666245,81,59,26,60,46,1,Rock
Enchanted (Taylor's Version),Taylor Swift,1,2023,7,7,148,39578178,82,51,22,53,1,0,Rock
White Christmas,"Bing Crosby, John Scott Trotter & His Orchestra, Ken Darby Singers",3,1942,1,1,11940,395591396,96,23,19,25,91,0,Rock
Jordan,Ryan Castro,1,2021,4,30,2844,394030335,180,80,71,68,6,0,Hardcore
Medallo,"Justin Quiles, Lenny Tavï¿½ï¿½rez, BL",3,2021,10,27,2780,393230256,90,79,79,70,57,0,Rock
Back To December (Taylor's Version),Taylor Swift,1,2023,7,7,139,39228929,142,50,20,64,1,0,Trance
Is There Someone Else?,The Weeknd,1,2022,1,7,2881,391251368,135,70,60,58,4,0,Techno
LAGUNAS,"Jasiel Nuï¿½ï¿½ez, Peso P",2,2023,6,22,58,39058561,116,77,79,62,33,1,Pop
The Christmas Song (Merry Christmas To You) - Remastered 1999,Nat King Cole,1,1946,11,1,11500,389771964,139,36,22,15,84,0,Techno
Daylight,David Kushner,1,2023,4,14,3528,387570742,130,51,32,43,83,0,Electrónica/Dance
Mary On A Cross,Ghost,1,2019,9,13,2668,387080183,130,47,56,90,0,0,Electrónica/Dance
Still With You,Jung Kook,1,2020,6,5,31,38411956,88,53,34,47,9,0,Rock
Belly Dancer,"BYOR, Imanbek",2,2022,2,18,5115,383835984,122,85,42,80,6,0,Electrónica/Dance
Smokin Out The Window,"Bruno Mars, Anderson .Paak, Silk Sonic",3,2021,11,5,4963,383550148,82,63,85,62,6,0,Rock
In The Stars,Benson Boone,1,2022,4,29,2224,382199619,78,36,30,54,34,0,Rock
Punto G,Quevedo,1,2022,11,4,1985,381161027,92,75,55,76,25,0,Rock
Selfish,PnB Rock,1,2016,6,23,2468,380319238,102,64,4,60,11,0,Pop
Auntie Diaries,Kendrick Lamar,1,2022,5,13,1545,37778188,78,43,60,38,76,1,Rock
Praise God,Kanye West,1,2021,8,29,4651,376333030,118,80,21,55,1,0,Pop
"Tiago PZK: Bzrp Music Sessions, Vol. 48","Bizarrap, Tiago pzk",2,2021,12,29,1678,374191487,96,66,76,82,47,0,Rock
People,Libianca,1,2022,12,2,3506,373199958,198,59,71,42,55,0,Hardcore
Bloody Mary,Lady Gaga,1,2011,1,1,3909,372476382,100,59,49,65,2,0,Rock
"All The Way Live (Spider-Man: Across the Spider-Verse) (Metro Boomin & Future, Lil Uzi Vert)","Future, Lil Uzi Vert, Metro Boomin",3,2023,6,2,259,37126685,135,77,28,55,18,0,Techno
Savior - Interlude,Kendrick Lamar,1,2022,5,13,1194,37091576,118,66,83,43,84,0,Pop
Alien Blues,Vundabar,1,2015,7,24,1930,370068639,82,47,44,76,8,91,Rock
Mine (Taylor's Version),Taylor Swift,1,2023,7,7,99,36912123,121,65,49,78,0,0,Electrónica/Dance
Something In The Way - Remastered 2021,Nirvana,1,1991,9,24,9514,368646862,106,44,8,20,74,42,Pop
You Proof,Morgan Wallen,1,2022,5,13,2128,367814306,120,73,64,85,25,0,Pop
Bebe Dame,"Fuerza Regida, Grupo Frontera",2,2022,12,16,849,367316268,157,54,75,60,30,0,Trance
Matilda,Harry Styles,1,2022,5,20,3218,366214458,114,51,39,29,90,0,Pop
Hype Boy,NewJeans,1,2022,8,1,892,363472647,100,59,78,94,27,0,Rock
Acapulco,Jason Derulo,1,2021,9,1,3098,363467642,122,77,51,79,5,0,Electrónica/Dance
Like Crazy,Jimin,1,2023,3,24,596,363369738,120,63,36,73,0,0,Pop
BESO,"Rauw Alejandro, ROSALï¿½",2,2023,3,24,4053,357925728,95,77,53,64,74,0,Rock
METAMORPHOSIS,INTERWORLD,1,2021,11,25,1561,357580552,175,59,15,64,43,90,Hardcore
I Hate U,SZA,1,2021,12,3,4094,356709897,107,54,41,39,51,0,Pop
Shape of You,Ed Sheeran,1,2017,1,6,32181,3562543890,96,83,93,65,58,0,Rock
Ley Seca,"Anuel Aa, Jhay Cortez",2,2021,9,2,2012,355219175,105,76,58,84,10,0,Pop
BREAK MY SOUL,Beyoncï¿,1,2022,6,21,9724,354614964,115,70,87,88,4,0,Pop
El Azul,"Junior H, Peso Pluma",2,2023,2,10,692,354495408,144,56,84,65,23,0,Trance
Sad Girlz Luv Money Remix (feat. Kali Uchis),"Kali Uchis, Amaarae, Moliy",3,2021,9,16,3643,354065229,110,86,31,53,43,0,Pop
Merry Christmas Everyone,Shakin' Stevens,1,1984,1,1,1087,351636786,101,72,91,87,14,0,Pop
You Belong With Me (Taylorï¿½ï¿½ï¿½s Ve,Taylor Swift,1,2021,4,9,2619,350381515,130,63,49,73,5,0,Electrónica/Dance
X ï¿½ï¿½LTIMA,"Daddy Yankee, Bad Bunny",2,2022,3,25,2697,349746291,90,81,59,83,9,0,Rock
Fingers Crossed,"Lauren Spencer Smith, Lauren Spencer Smith, Lauren Spencer Smith",3,2022,1,5,2235,349585590,109,60,45,47,62,0,Pop
"You're On Your Own, Kid",Taylor Swift,1,2022,10,21,2537,348647203,120,69,40,39,41,0,Pop
this is what falling in love feels like,JVKE,1,2021,9,3,2005,346127840,129,42,33,44,62,0,Electrónica/Dance
The Feels,TWICE,1,2021,10,1,1150,345903614,120,81,92,90,9,0,Pop
CHORRITO PA LAS ANIMAS,Feid,1,2022,12,2,2321,345031710,96,74,61,83,11,0,Rock
Don't ever say love me (feat. RM of BTS),"RM, Colde",2,2023,5,4,105,34502215,145,54,19,48,36,0,Trance
Andrea,"Buscabulla, Bad Bunny",2,2022,5,6,1195,344055883,103,80,45,62,76,0,Pop
she's all i wanna be,Tate McRae,1,2022,2,4,2711,343197054,160,61,65,64,1,0,Trance
Nonsense,Sabrina Carpenter,1,2022,7,15,2346,342897938,139,74,68,68,3,0,Techno
Super Gremlin,Kodak Black,1,2021,10,30,2551,342779426,73,83,11,41,0,0,Rock
Demasiadas Mujeres,C. Tangana,1,2020,10,8,2226,339473453,126,67,37,46,13,0,Electrónica/Dance
TV,Billie Eilish,1,2022,7,21,3009,338564981,141,41,9,25,84,1,Trance
Dos Mil 16,Bad Bunny,1,2022,5,6,892,338422004,130,82,50,67,12,0,Electrónica/Dance
Classy 101,"Feid, Young Miko",2,2023,3,31,2610,335222234,100,86,67,66,14,0,Rock
Players,Coi Leray,1,2022,11,30,4096,335074782,105,95,62,52,3,0,Pop
Music For a Sushi Restaurant,Harry Styles,1,2022,5,20,4449,334733572,107,72,36,72,26,6,Pop
Mother I Sober (feat. Beth Gibbons of Portishead),"Kendrick Lamar, Beth Gibbons",2,2022,5,13,1890,33381454,140,49,50,37,87,0,Techno
La Llevo Al Cielo (Ft. ï¿½ï¿½engo F,"Nengo Flow, Anuel Aa, Chris Jedi, Chencho Corleone",4,2022,5,20,3559,333146475,170,80,77,85,11,0,Hardcore
STAR WALKIN' (League of Legends Worlds Anthem),Lil Nas X,1,2022,9,22,2616,332506354,142,64,31,72,15,0,Trance
cï¿½ï¿½mo dormi,Rels B,1,2022,8,4,1452,331511413,126,63,56,43,24,0,Electrónica/Dance
Run BTS,BTS,1,2022,6,10,736,330881149,77,72,70,82,2,0,Rock
Bejeweled,Taylor Swift,1,2022,10,21,2699,328207708,164,70,39,56,6,0,Hardcore
"Link Up (Metro Boomin & Don Toliver, Wizkid feat. BEAM & Toian) - Spider-Verse Remix (Spider-Man: Across the Spider-Verse )","WizKid, Toian, Metro Boomin, Don Toliver, Beam",5,2023,6,2,197,32761689,101,92,59,51,41,51,Pop
Excuses,"Intense, AP Dhillon, Gurinder Gill",3,2020,7,24,272,327498031,95,84,49,72,8,0,Rock
10:35,"Tiï¿½ï¿½sto, Tate M",2,2022,11,1,4942,325592432,120,70,70,79,7,0,Pop
JGL,"Luis R Conriquez, La Adictiva",2,2022,2,18,782,323455692,113,70,97,59,55,0,Pop
Snow On The Beach (feat. Lana Del Rey),"Taylor Swift, Lana Del Rey",2,2022,10,21,2415,323437194,110,66,19,32,69,0,Pop
GATï¿½ï¿½,"Maldy, Karol G",2,2022,8,25,3328,322336177,93,63,34,86,26,0,Rock
Ya No Somos Ni Seremos,Christian Nodal,1,2022,2,18,866,319757142,140,59,73,45,44,0,Techno
Phantom Regret by Jim,The Weeknd,1,2022,1,7,768,31959571,108,46,23,48,75,30,Pop
Maan Meri Jaan,King,1,2022,10,12,288,319566866,96,70,40,51,35,0,Rock
Otro Atardecer,"Bad Bunny, The Marï¿½ï",2,2022,5,6,1681,319546754,108,78,55,60,59,0,Pop
Mi Bello Angel,Natanael Cano,1,2023,6,30,86,31873544,128,81,90,77,1,0,Electrónica/Dance
Maroon,Taylor Swift,1,2022,10,21,2304,317726339,108,64,4,40,6,0,Pop
Christmas Tree,V,1,2021,12,24,509,317622165,139,44,18,38,70,0,Techno
La Zona,Bad Bunny,1,2020,2,29,1188,312622938,94,76,81,80,20,0,Rock
pushin P (feat. Young Thug),"Young Thug, Future, Gunna",3,2022,1,7,3517,311395144,78,77,49,42,1,1,Rock
Shirt,SZA,1,2022,10,28,3469,309653982,120,82,55,45,15,3,Pop
Besos Moja2,"Wisin & Yandel, ROSALï¿½",2,2022,9,29,2460,309483971,94,74,64,73,6,0,Rock
ULTRA SOLO,"Polima WestCoast, Pailita",2,2022,2,14,1367,307752576,110,80,26,85,23,0,Pop
LOVE DIVE,IVE,1,2022,4,5,753,305771063,118,70,54,71,0,0,Pop
Me Fui de Vacaciones,Bad Bunny,1,2022,5,6,1443,305650299,85,71,43,65,23,0,Rock
Gato de Noche,"Nengo Flow, Bad Bunny",2,2022,12,22,2651,304118600,94,89,61,66,17,0,Rock
Better Than Revenge (Taylor's Version),Taylor Swift,1,2023,7,7,86,30343206,146,50,67,89,0,0,Trance
WHERE SHE GOES,Bad Bunny,1,2023,5,18,3133,303236322,144,65,23,80,14,63,Trance
SPIT IN MY FACE!,ThxSoMch,1,2022,10,31,629,303216294,94,73,65,79,5,2,Rock
Yet To Come,BTS,1,2022,6,10,829,302006641,172,56,68,89,4,0,Hardcore
SPIT IN MY FACE!,ThxSoMch,1,2022,10,31,573,301869854,166,70,57,57,9,20,Hardcore
N95,Kendrick Lamar,1,2022,5,13,5542,301242089,140,81,39,66,38,0,Techno
ANTIFRAGILE,LE SSERAFIM,1,2022,10,17,761,301051721,105,88,82,80,8,0,Pop
Where Did You Go?,"MNEK, Jax Jones",2,2022,1,26,4531,300983101,127,77,53,78,19,0,Electrónica/Dance
Chale,Eden Muï¿½ï,1,2022,2,18,695,299648208,189,55,86,44,40,0,Hardcore
Sweetest Pie,"Dua Lipa, Megan Thee Stallion",2,2022,3,11,3501,299634472,124,81,68,63,17,0,Electrónica/Dance
LET GO,Central Cee,1,2022,12,15,2301,298063749,146,74,51,45,86,0,Trance
Lift Me Up - From Black Panther: Wakanda Forever - Music From and Inspired By,Rihanna,1,2022,10,28,3311,297328960,177,25,17,30,90,0,Hardcore
It's Beginning to Look a Lot Like Christmas (with Mitchell Ayres & His Orchestra),"Perry Como, The Fontane Sisters, Mitchell Ayres & His Orchestra",3,1958,1,1,6290,295998468,113,73,72,32,77,0,Pop
New Jeans,NewJeans,1,2023,7,7,77,29562220,134,81,53,72,51,0,Techno
CAIRO,"Karol G, Ovy On The Drums",2,2022,11,13,2418,294352144,115,95,43,69,47,0,Pop
Last Last,Burna Boy,1,2022,5,12,4526,293466523,88,80,55,56,13,0,Rock
ceilings,Lizzy McAlpine,1,2022,4,8,3242,293186992,148,51,27,33,48,0,Trance
Every Summertime,NIKI,1,2021,8,10,1211,290228626,79,63,76,67,38,0,Rock
Ch y la Pizza,"Fuerza Regida, Natanael Cano",2,2022,12,1,536,288101651,149,66,85,60,40,0,Trance
El Rescate,"Grupo Marca Registrada, Junior H",2,2022,7,22,527,287278853,99,79,64,59,28,0,Rock
It'll Be Okay,Shawn Mendes,1,2021,12,1,1950,287201015,78,40,7,29,62,0,Rock
Crazy What Love Can Do,"David Guetta, Ella Henderson, Becky Hill",3,2022,3,18,5290,286739476,123,60,46,71,3,0,Electrónica/Dance
Too Many Nights (feat. Don Toliver & with Future),"Future, Metro Boomin, Don Toliver",3,2022,12,2,2110,286400165,88,68,17,71,15,0,Rock
Nobody Gets Me,SZA,1,2022,12,9,2536,284908316,100,36,28,28,81,0,Rock
Radio,Lana Del Rey,1,2011,1,1,9389,284819874,150,42,20,86,21,0,Trance
How Do I Say Goodbye,Dean Lewis,1,2022,8,5,2163,284785823,82,40,39,64,21,0,Rock
Pasoori,"Shae Gill, Ali Sethi",2,2022,2,6,349,284249832,92,71,67,60,7,0,Rock
Aguacero,Bad Bunny,1,2022,5,6,829,283359161,121,86,67,65,42,0,Electrónica/Dance
Un Verano Sin Ti,Bad Bunny,1,2022,5,6,1004,283332261,188,50,41,50,69,0,Hardcore
Forever,Labrinth,1,2019,10,4,3618,282883169,80,56,19,46,92,72,Rock
Sunflower - Spider-Man: Into the Spider-Verse,"Post Malone, Swae Lee",2,2018,10,9,24094,2808096550,90,76,91,50,54,0,Rock
Ensï¿½ï¿½ï¿½ï¿½ame ,Bad Bunny,1,2022,5,6,1112,279737940,105,81,77,79,19,0,Pop
ULTRA SOLO REMIX,"De La Ghetto, Feid, Polima WestCoast, Paloma Mami, Pailita",5,2022,6,16,2341,279717388,110,91,59,82,8,0,Pop
Ferxxo 100,Feid,1,2022,6,3,1647,278920007,164,70,58,57,25,0,Hardcore
BILLIE EILISH.,Armani White,1,2022,1,20,2537,277132266,100,90,75,50,11,0,Rock
Trance (with Travis Scott & Young Thug),"Travis Scott, Young Thug, Metro Boomin",3,2022,12,2,1682,276259178,119,75,48,53,18,0,Pop
Que Vuelvas,"Carin Leon, Grupo Frontera",2,2022,12,9,763,2762,162,49,78,64,19,0,Hardcore
Little Freak,Harry Styles,1,2022,5,20,2302,273194684,142,56,40,54,72,0,Trance
Pantysito,"Feid, Alejo, Robi",3,2022,3,18,2995,273005485,98,83,63,74,14,0,Rock
One Dance,"Drake, WizKid, Kyla",3,2016,4,4,43257,2713922350,104,77,36,63,1,0,Pop
Leï¿½,Marï¿½ï¿½lia Mendo,1,2022,12,9,993,267789608,130,74,79,87,45,0,Electrónica/Dance
Surface Pressure,Jessica Darrow,1,2021,11,19,1756,267758538,180,65,37,58,2,0,Hardcore
X SI VOLVEMOS,"Karol G, Romeo Santos",2,2023,2,2,2127,266624541,178,79,58,78,34,0,Hardcore
STAY (with Justin Bieber),"Justin Bieber, The Kid Laroi",2,2021,7,9,17050,2665343922,170,59,48,76,4,0,Hardcore
Car's Outside,James Arthur,1,2019,10,18,794,265882712,150,34,24,56,4,0,Trance
Attention,NewJeans,1,2022,8,1,799,264717480,105,81,70,65,24,0,Pop
Vai Lï¿½ï¿½ Em Casa ,"Marï¿½ï¿½lia Mendonï¿½ï¿½a, George Henrique &",2,2021,10,22,772,263894529,158,46,62,83,53,0,Trance
Monï¿½ï¿½y so,YEAT,1,2021,9,10,1473,263779030,138,69,35,57,12,0,Techno
Bombonzinho - Ao Vivo,"Israel & Rodolffo, Ana Castela",2,2022,11,3,1254,263453310,158,65,72,95,31,0,Trance
Ojos Marrones,Lasso,1,2022,2,6,795,263280370,120,81,72,65,4,0,Pop
Salimo de Noche,"Trueno, Tiago pzk",2,2021,10,21,1057,261414174,84,67,78,63,29,0,Rock
Peru,"Ed Sheeran, Fireboy DML",2,2021,12,23,2999,261286503,108,96,71,42,57,0,Pop
Believer,Imagine Dragons,1,2017,1,31,18986,2594040133,125,77,74,78,4,0,Electrónica/Dance
Closer,"The Chainsmokers, Halsey",2,2016,5,31,28032,2591224264,95,75,64,52,41,0,Rock
Numb Little Bug,Em Beihold,1,2022,1,28,2026,258714692,85,74,61,52,30,0,Rock
Esqueï¿½ï¿½a-Me Se For C,"Marï¿½ï¿½lia Mendonï¿½ï¿½a, Maiara &",2,2021,10,14,580,258316038,122,80,62,69,28,0,Electrónica/Dance
Starboy,"The Weeknd, Daft Punk",2,2016,9,21,29536,2565529693,186,68,49,59,16,0,Hardcore
Moonlight,Kali Uchis,1,2023,2,24,2649,256483385,137,64,88,72,51,0,Techno
Perfect,Ed Sheeran,1,2017,1,1,16596,2559529074,95,60,17,45,16,0,Rock
El Gordo Trae El Mando,Chino Pacas,1,2023,1,27,539,255932395,140,74,96,80,18,0,Techno
When You're Gone,Shawn Mendes,1,2022,3,31,2092,255120451,147,60,58,69,2,0,Trance
PUFFIN ON ZOOTIEZ,Future,1,2022,4,29,2350,254218729,125,88,28,66,6,0,Electrónica/Dance
Vigilante Shit,Taylor Swift,1,2022,10,21,1948,253650850,80,80,16,28,17,0,Rock
Down Under (feat. Colin Hay),"Luude, Colin Hay",2,2021,11,19,3541,252871192,172,31,4,86,1,0,Hardcore
Coco Chanel,"Bad Bunny, Eladio Carrion",2,2023,3,17,1962,250305248,150,68,14,76,4,0,Trance
Danger (Spider) (Offset & JID),"Offset, JID",2,2023,6,2,214,24975653,143,83,25,69,4,0,Trance
"Villano Antillano: Bzrp Music Sessions, Vol. 51","Bizarrap, Villano Antillano",2,2022,6,8,1401,248511839,128,82,42,75,6,0,Electrónica/Dance
Seï¿½ï¿½o,"Shawn Mendes, Camila Cabello",2,2019,6,19,15010,2484812918,117,76,77,52,4,0,Pop
Rara Vez,"Taiu, Milo j",2,2023,2,8,893,248088961,120,84,96,71,18,0,Pop
ELEVEN,IVE,1,2021,12,1,521,247737946,120,83,59,73,6,0,Pop
2 Be Loved (Am I Ready),Lizzo,1,2022,7,14,3682,247689123,156,72,92,77,9,0,Trance
Die For You,Joji,1,2022,11,4,1703,246390068,148,47,15,52,38,13,Trance
Stay Alive (Prod. SUGA of BTS),Jung Kook,1,2022,2,11,590,246376690,130,51,50,76,30,0,Electrónica/Dance
Agosto,Bad Bunny,1,2022,5,6,897,246127838,115,85,72,58,9,0,Pop
"Cayï¿½ï¿½ La Noche (feat. Cruz Cafunï¿½ï¿½, Abhir Hathi, Bejo, EL IMA)","Quevedo, La Pantera, Juseph, Cruz Cafunï¿½ï¿½, Bï¿½ï¿½jo, Abhir Hathi",7,2022,1,14,1034,245400167,174,67,74,75,44,0,Hardcore
Run Rudolph Run - Single Version,Chuck Berry,1,1958,1,1,8612,245350949,152,69,94,71,79,0,Trance
TO THE MOON,Jnr Choi,1,2021,11,5,2979,245095641,144,74,39,65,5,1,Trance
THE SHADE,Rex Orange County,1,2022,3,11,1189,244928911,120,90,73,51,39,0,Pop
San Lucas,Kevin Kaarl,1,2019,11,7,407,244891912,92,58,27,36,86,0,Rock
Afraid To Feel,LF System,1,2022,5,2,5898,244790012,128,58,68,91,2,0,Electrónica/Dance
Thousand Miles,The Kid Laroi,1,2022,4,22,2050,244741137,81,38,20,66,9,0,Rock
Heart To Heart,Mac DeMarco,1,2019,5,10,1640,244658767,150,90,64,14,67,35,Trance
Christmas (Baby Please Come Home),Darlene Love,1,1963,11,22,9122,242767149,126,34,35,76,39,0,Electrónica/Dance
Say You Won't Let Go,James Arthur,1,2016,9,9,15722,2420461338,99,40,45,56,69,0,Rock
Don't You Worry,"David Guetta, Shakira, Black Eyed Peas",3,2022,6,16,2442,240918092,132,82,49,88,20,0,Techno
Ginseng Strip 2002,Yung Lean,1,2013,8,16,4310,240769997,115,60,37,71,8,0,Pop
Malvadï¿½ï¿,"Xamï¿½ï¿½, Gustah, Neo B",3,2021,11,30,648,240684449,133,82,52,61,38,0,Techno
With you,"HA SUNG WOON, Jimin",2,2022,4,24,343,240580042,150,53,14,43,64,0,Trance
Forget Me,Lewis Capaldi,1,2022,9,9,2520,239411309,102,67,72,74,30,0,Pop
Hold My Hand,Lady Gaga,1,2022,5,3,2528,238350348,148,51,21,63,5,0,Trance
Die Hard,"Kendrick Lamar, Blxst, Amanda Reifer",3,2022,5,13,4627,237351106,101,78,40,74,36,0,Pop
Entre Nosotros (Remix) [con Nicki Nicole],"Lit Killah, Maria Becerra, Tiago pzk, NICKI NICOLE",4,2022,1,5,759,236940480,170,70,61,44,40,0,Hardcore
Tom's Diner,"AnnenMayKantereit, Giant Rooks",2,2019,6,28,2605,236872197,98,68,33,43,38,0,Rock
Quï¿½ï¿½ Ago,"Yuridia, Angela Aguilar",2,2022,10,20,660,236857112,98,73,88,57,56,0,Rock
Keep Driving,Harry Styles,1,2022,5,20,2094,236060709,165,72,90,48,32,0,Hardcore
lovely - Bonus Track,"Billie Eilish, Khalid",2,2017,8,11,15032,2355719893,115,35,12,30,93,0,Pop
Typa Girl,BLACKPINK,1,2022,9,16,452,235549288,132,92,53,62,7,0,Techno
Nosso Quadro,"Ana Castela, AgroPlay",2,2023,2,2,894,233801632,160,69,61,71,33,0,Trance
Love Of My Life,Harry Styles,1,2022,5,20,1933,233671263,118,56,20,54,67,0,Pop
FLOWER,JISOO,1,2023,3,31,839,232896922,124,84,64,39,3,0,Electrónica/Dance
Mujeriego,Ryan Castro,1,2021,12,17,1492,231996128,80,76,92,62,6,0,Rock
SUPERMODEL,Mï¿½ï¿½ne,1,2022,5,13,2265,231657891,121,64,80,88,0,0,Electrónica/Dance
MERCHO,"Migrantes, LiL CaKe, Nico Valdi",3,2022,12,16,1267,231332117,93,84,96,79,43,0,Rock
Don't Start Now,Dua Lipa,1,2019,10,31,27119,2303033973,124,79,68,79,1,0,Electrónica/Dance
FEARLESS,LE SSERAFIM,1,2022,5,2,629,229497852,104,86,43,62,5,0,Pop
Starlight,Dave,1,2022,3,3,1856,229473310,124,95,36,37,35,0,Electrónica/Dance
Lucid Dreams,Juice WRLD,1,2017,6,15,14749,2288695111,84,44,22,48,38,0,Rock
Thinking Out Loud,Ed Sheeran,1,2014,1,1,33032,2280566092,79,78,58,45,47,0,Rock
Evergreen (You Didnï¿½ï¿½ï¿½t Deserve Me A,Omar Apollo,1,2022,4,8,2499,227918678,82,70,31,34,60,1,Rock
Rush,Troye Sivan,1,2023,7,13,864,22581161,126,74,35,84,0,0,Electrónica/Dance
I AM WOMAN,Emmy Meli,1,2021,11,18,2795,225259194,170,65,46,47,12,0,Hardcore
THE LONELIEST,Mï¿½ï¿½ne,1,2022,10,7,1585,225093344,130,52,24,60,0,0,Electrónica/Dance
Photograph,Ed Sheeran,1,2014,6,20,18778,2236667932,108,61,20,38,61,0,Pop
El Merengue,"Marshmello, Manuel Turizo",2,2023,3,3,2114,223633238,124,78,70,68,3,1,Electrónica/Dance
Marisola - Remix,"Duki, NICKI NICOLE, Cris Mj, Standly, Stars Music Chile",5,2022,12,15,1845,223582566,95,77,72,87,17,0,Rock
Se Le Ve,"Arcangel, De La Ghetto, Justin Quiles, Lenny Tavï¿½ï¿½rez, Sech, Dalex, Dimelo Flow, Rich Music",8,2021,8,12,1560,223319934,84,56,61,76,10,0,Rock
Question...?,Taylor Swift,1,2022,10,21,1608,223064273,109,75,11,50,20,0,Pop
KU LO SA - A COLORS SHOW,Oxlade,1,2022,6,10,2019,222410722,93,65,79,66,31,0,Rock
Betty (Get Money),Yung Gravy,1,2022,6,10,2402,221752937,102,73,62,75,0,0,Pop
PLAYA DEL INGLï¿½,"Myke Towers, Quevedo",2,2022,12,15,1701,221409663,113,79,66,74,8,0,Pop
Something Just Like This,"The Chainsmokers, Coldplay",2,2017,2,22,23375,2204080728,103,61,47,65,3,0,Pop
Mastermind,Taylor Swift,1,2022,10,21,1936,218320587,126,66,12,35,55,0,Electrónica/Dance
Cupido,Tini,1,2023,2,14,1240,217672943,120,91,63,58,52,0,Pop
Shallow,"Lady Gaga, Bradley Cooper",2,2018,9,27,16636,2159346687,96,57,30,40,38,0,Rock
Take Me To Church,Hozier,1,2013,9,13,23804,2135158446,129,57,41,66,63,0,Electrónica/Dance
POP!,Nayeon,1,2022,6,24,571,213505179,97,80,36,86,4,0,Rock
WORTH NOTHING,"Twisted, Oliver Tree",2,2022,9,28,1612,213438580,140,58,17,62,18,0,Techno
El Apagï¿½,Bad Bunny,1,2022,5,6,1209,212351890,118,63,60,70,5,0,Pop
Love Yourself,Justin Bieber,1,2015,11,9,22730,2123309722,100,61,53,38,84,0,Rock
MANIAC,Stray Kids,1,2022,3,18,651,212234990,120,58,71,80,15,0,Pop
That That (prod. & feat. SUGA of BTS),"PSY, Suga",2,2022,4,29,802,212109195,130,91,91,96,3,0,Electrónica/Dance
Polaroid Love,ENHYPEN,1,2022,1,10,461,211372494,138,74,65,67,46,0,Techno
Miracle (with Ellie Goulding),"Calvin Harris, Ellie Goulding",2,2023,3,10,5120,211050784,143,64,31,87,4,4,Trance
KICK BACK,Kenshi Yonezu,1,2022,10,12,574,210038833,102,58,29,94,0,0,Pop
Problemï¿½,"Alvaro Diaz, Rauw Alejandro",2,2021,10,22,1517,209768491,92,73,37,74,28,0,Rock
Sin Seï¿½ï,"Ovy On The Drums, Quevedo",2,2022,7,22,1097,209106362,118,82,75,85,33,1,Pop
All of Me,John Legend,1,2013,8,1,27221,2086124197,120,42,33,26,92,0,Pop
DANï¿½ï¿½A,"Mc Pedrinho, Pedro Sampaio",2,2022,2,1,911,208166039,135,78,55,57,4,0,Techno
Watch This - ARIZONATEARS Pluggnb Remix,"sped up nightcore, ARIZONATEARS, Lil Uzi Vert",3,2023,2,5,1638,207033255,130,69,36,90,1,10,Electrónica/Dance
When I R.I.P.,Labrinth,1,2019,10,4,2578,203680270,80,39,45,55,73,0,Rock
The Astronaut,Jin,1,2022,10,28,481,203436468,125,54,22,76,0,0,Electrónica/Dance
Thought You Should Know,Morgan Wallen,1,2022,5,6,968,203221468,140,53,51,70,49,0,Techno
Hati-Hati di Jalan,Tulus,1,2022,3,3,200,202677468,72,64,76,44,70,9,Rock
Static,Steve Lacy,1,2022,7,15,1613,202452860,79,34,22,31,43,63,Rock
Tattoo,Loreen,1,2023,2,25,2988,201660859,150,55,30,78,24,0,Trance
Counting Stars,OneRepublic,1,2013,1,1,29215,2011464183,122,66,48,71,6,0,Electrónica/Dance
Bar,"Tini, L-Gante",2,2021,11,11,755,200972675,94,52,68,69,13,0,Rock
Riptide,Vance Joy,1,1975,1,1,31123,2009094673,102,48,50,73,43,0,Pop
"Peso Pluma: Bzrp Music Sessions, Vol. 55","Bizarrap, Peso Pluma",2,2023,5,31,1313,200647221,133,85,81,67,26,0,Techno
Grapejuice,Harry Styles,1,2022,5,20,1986,199587884,183,65,88,72,36,14,Hardcore
Limbo,Freddie Dredd,1,2022,8,11,688,199386237,75,80,46,62,3,6,Rock
Spin Bout U,"Drake, 21 Savage",2,2022,11,4,1652,198365537,130,77,20,70,1,0,Electrónica/Dance
En Paris,"El Chachito, Junior H",2,2022,12,24,406,198275403,139,70,77,48,37,0,Techno
IDGAF (with blackbear),"Blackbear, BoyWithUke",2,2022,3,18,625,197643795,98,78,83,75,41,0,Rock
Wake Me Up - Radio Edit,Avicii,1,2013,1,1,50887,1970673297,124,53,66,78,0,0,Electrónica/Dance
Pass The Dutchie,Musical Youth,1,1982,1,1,5328,195918494,151,73,88,67,20,0,Trance
Massive,Drake,1,2022,6,17,5263,195628667,125,51,5,68,12,2,Electrónica/Dance
Eyes Closed,Ed Sheeran,1,2023,3,23,2915,195576623,107,78,39,53,30,0,Pop
Niagara Falls (Foot or 2) [with Travis Scott & 21 Savage],"Travis Scott, 21 Savage, Metro Boomin",3,2022,12,2,1602,195516622,88,49,24,66,19,0,Rock
Can't Hold Us (feat. Ray Dalton),"Ray Dalton, Ryan Lewis, Macklemore",3,2011,8,16,6074,1953533826,146,63,88,93,3,0,Trance
True Love,"Kanye West, XXXTENTACION",2,2022,5,27,2129,194902696,84,71,39,86,2,0,Rock
Nail Tech,Jack Harlow,1,2022,2,18,2939,193443895,150,65,11,58,0,0,Trance
HUMBLE.,Kendrick Lamar,1,2017,3,30,33206,1929770265,150,91,42,60,0,0,Trance
La Bebe,Yng Lvcas,1,2021,12,24,489,191945597,170,78,75,46,62,0,Hardcore
Pipoco,"Melody, Ana Castela, Dj Chris No Beat",3,2022,5,20,1112,191873381,135,77,74,74,47,0,Techno
Sticky,Drake,1,2022,6,17,2814,191448892,137,88,8,49,9,0,Techno
Pussy & Millions (feat. Travis Scott),"Drake, Travis Scott, 21 Savage",3,2022,11,4,1930,191333656,122,75,45,63,6,0,Electrónica/Dance
In My Head,Lil Tjay,1,2022,4,1,1185,190981339,143,68,41,55,16,0,Trance
Potion (with Dua Lipa & Young Thug),"Calvin Harris, Dua Lipa, Young Thug",3,2022,5,27,3983,190625045,100,82,76,70,16,0,Rock
Slut Me Out,NLE Choppa,1,2022,4,22,816,190490915,121,94,71,61,12,0,Electrónica/Dance
Talk that Talk,TWICE,1,2022,8,26,615,189476119,120,77,78,91,14,0,Pop
Cinema,Harry Styles,1,2022,5,20,2171,189236868,106,83,90,64,35,5,Pop
Frï¿½ï¿½gil (feat. Grupo Front,"Yahritza Y Su Esencia, Grupo Frontera",2,2023,4,7,672,188933502,150,61,39,73,37,0,Trance
Vampiro,"Matuï¿½ï¿½, Wiu, ",3,2022,1,30,540,187772591,115,78,63,64,1,0,Pop
Daydreaming,Harry Styles,1,2022,5,20,1900,187703102,114,71,90,81,31,2,Pop
Casei Com a Putaria,"MC Ryan SP, Love Funk, Mc Paiva ZS",3,2022,7,1,648,187701588,161,59,62,60,12,0,Hardcore
10 Things I Hate About You,Leah Kate,1,2022,3,23,1301,185550869,154,54,45,79,1,0,Trance
Cigarettes,Juice WRLD,1,2021,12,10,975,185408548,160,60,47,62,3,0,Trance
Prohibidox,Feid,1,2022,9,13,1473,185392587,180,65,52,80,5,0,Hardcore
All Of The Girls You Loved Before,Taylor Swift,1,2019,8,23,1282,185240616,96,72,40,47,71,0,Rock
GIVENCHY,Duki,1,2022,7,20,625,185236961,103,61,38,62,14,0,Pop
The Family Madrigal,"Olga Merediz, Stephanie Beatriz, Encanto - Cast",3,2021,11,19,1150,184937148,141,59,56,63,12,0,Trance
Flowers,Lauren Spencer Smith,1,2021,8,9,801,184826429,138,70,31,44,84,0,Techno
Good Looking,Suki Waterhouse,1,2017,10,20,2264,184706613,150,37,27,56,8,0,Trance
TUS Lï¿½ï¿½GR,"Sech, Mora",2,2022,4,1,1308,184622518,174,68,45,71,18,0,Hardcore
Escapism. - Sped Up,"RAYE, 070 Shake",2,2022,11,25,1368,184308753,108,44,38,77,9,0,Pop
Demons,Imagine Dragons,1,2012,1,1,26694,1840364617,180,33,38,71,20,0,Hardcore
Sprinter,"Dave, Central Cee",2,2023,6,1,2186,183706234,141,92,66,58,19,0,Trance
295,Sidhu Moose Wala,1,2021,5,15,246,183273246,90,68,54,76,21,0,Rock
Lose Yourself - Soundtrack Version,Eminem,1,2002,1,1,32502,1829992958,171,70,6,73,1,0,Hardcore
Shut up My Moms Calling - (Sped Up),Hotel Ugly,1,2022,9,14,713,181831132,85,65,36,47,31,0,Rock
The Great War,Taylor Swift,1,2022,10,21,1274,181382590,96,57,55,74,22,0,Rock
Hrs and Hrs,Muni Long,1,2021,11,19,1800,181328253,140,51,66,53,60,0,Techno
Mr. Brightside,The Killers,1,2003,9,23,51979,1806617704,148,35,24,93,0,0,Trance
You Make It Feel Like Christmas (feat. Blake Shelton),"Gwen Stefani, Blake Shelton",2,2005,9,20,2577,180577478,93,63,93,88,1,0,Rock
Levitating (feat. DaBaby),"Dua Lipa, DaBaby",2,2020,3,27,15894,1802514301,103,70,92,83,1,0,Pop
Tak Segampang Itu,Anggi Marito,1,2022,12,2,213,179659294,130,51,18,44,76,0,Electrónica/Dance
No Role Modelz,J. Cole,1,2014,12,9,21164,1791000570,100,70,47,52,30,0,Rock
Si Te La Encuentras Por Ahï¿,Feid,1,2022,8,5,1379,179061440,172,74,46,58,15,0,Hardcore
Do I Wanna Know?,Arctic Monkeys,1,2013,1,1,33783,1788326445,85,55,42,53,17,0,Rock
Jingle Bells - Remastered 1999,Frank Sinatra,1,1957,1,1,4326,178660459,175,51,94,34,73,0,Hardcore
Si Quieren Frontear,"De La Ghetto, Duki, Quevedo",3,2022,3,31,859,178512385,82,79,48,84,13,0,Rock
Baby Don't Hurt Me,"David Guetta, Anne-Marie, Coi Leray",3,2023,4,6,4277,177740666,128,60,23,91,0,0,Electrónica/Dance
"Would've, Could've, Should've",Taylor Swift,1,2022,10,21,1715,177503916,158,48,55,84,43,0,Trance
Sï¿½ï¿½,"Anuel Aa, Myke Towers, Jhay Cortez",3,2021,11,18,903,177129919,90,63,75,75,17,0,Rock
TQM,Fuerza Regida,1,2023,5,19,584,176553476,125,79,96,85,27,0,Electrónica/Dance
Celestial,Ed Sheeran,1,2022,9,29,1639,176474912,123,57,50,85,5,0,Electrónica/Dance
Dakiti,"Bad Bunny, Jhay Cortez",2,2020,10,30,11215,1763363713,110,73,14,57,40,0,Pop
sentaDONA (Remix) s2,"Luï¿½ï¿½sa Sonza, MC Frog, Dj Gabriel do Borel, Davi K",4,2022,3,17,870,176290831,135,93,77,45,25,0,Techno
Ai Preto,"L7nnon, DJ Biel do Furduncinho, Bianca",3,2022,6,3,894,176103902,130,95,83,57,54,0,Electrónica/Dance
Memories,Maroon 5,1,2019,9,20,9974,1759567999,91,77,60,32,84,0,Rock
Yellow,Chris Molitor,1,1999,1,1,31358,1755214421,173,43,28,66,0,0,Hardcore
WANDA,Quevedo,1,2023,1,20,888,175399345,176,72,96,63,25,0,Hardcore
Search & Rescue,Drake,1,2023,4,7,2066,175097833,142,82,54,44,6,0,Trance
Evoque Prata,"DJ Escobar, MC MENOR SG, MC MENOR HR",3,2022,9,9,852,174006928,87,87,52,52,31,0,Rock
Rich Spirit,Kendrick Lamar,1,2022,5,13,3486,173702135,96,85,41,43,39,0,Rock
Like Crazy (English Version),Jimin,1,2023,3,24,373,173627354,120,62,32,76,0,0,Pop
Chemical,Post Malone,1,2023,4,14,2528,172825906,170,50,37,90,0,0,Hardcore
ALIEN SUPERSTAR,Beyoncï¿,1,2022,7,29,2688,171788484,122,55,46,64,0,0,Electrónica/Dance
There's Nothing Holdin' Me Back,Shawn Mendes,1,2016,9,23,12382,1714490998,122,86,97,80,36,0,Electrónica/Dance
STAYING ALIVE (feat. Drake & Lil Baby),"Drake, DJ Khaled, Lil Baby",3,2022,8,5,2107,170732845,130,72,18,46,7,0,Electrónica/Dance
Nxde,(G)I-DLE,1,2022,10,17,430,170709584,136,73,65,91,4,0,Techno
On BS,"Drake, 21 Savage",2,2022,11,4,1338,170413877,158,84,33,36,2,0,Trance
'Till I Collapse,"Eminem, Nate Dogg",2,2002,5,26,22923,1695712020,171,55,10,85,7,0,Hardcore
Smells Like Teen Spirit - Remastered 2021,Nirvana,1,1991,9,10,49991,1690192927,117,52,73,91,0,0,Pop
Without Me,Eminem,1,2002,1,1,21081,1687664027,112,92,67,66,0,0,Pop
Gatita,Bellakath,1,2022,10,3,1054,168684524,101,90,76,81,15,24,Pop
Sial,Mahalini,1,2023,1,23,134,166570053,120,56,20,43,89,0,Pop
If We Ever Broke Up,Mae Stephens,1,2023,2,10,2040,165584767,116,90,96,73,62,0,Pop
Makeba,Jain,1,2015,6,22,6060,165484133,116,82,40,66,39,51,Pop
En El Radio Un Cochinero,Victor Cibrian,1,2022,5,13,514,164856284,154,70,97,62,47,0,Trance
Die For You,The Weeknd,1,2016,11,24,2483,1647990401,134,59,51,52,9,0,Techno
Just The Way You Are,Bruno Mars,1,2010,1,1,21106,1641426668,109,63,46,85,1,0,Pop
Blind,SZA,1,2022,12,9,1484,163284000,114,46,60,28,91,0,Pop
Shorty Party,"Cartel De Santa, La Kelly",2,2023,3,4,432,162887075,96,93,47,47,33,0,Rock
In The End,Linkin Park,1,2000,10,24,25065,1624165576,105,55,40,90,1,0,Pop
Chanel,"Becky G, Peso Pluma",2,2023,3,30,681,161460990,132,85,53,68,40,0,Techno
Die Young (feat. 347aidan),"Sleepy hallow, 347aidan",2,2022,5,25,896,160845341,77,81,68,58,83,0,Rock
The Scientist,Coldplay,1,2002,8,5,30992,1608164312,146,56,21,44,73,0,Trance
Before You Go,Lewis Capaldi,1,2019,11,1,8327,1608045237,112,45,19,60,63,0,Pop
I'm Not The Only One,Sam Smith,1,2014,1,1,17492,1606986953,82,68,50,49,56,0,Rock
Cold Heart - PNAU Remix,"Dua Lipa, Elton John, Pnau",3,2017,11,10,21097,1605224506,116,80,92,80,4,0,Pop
Beautiful Girl,Luciano,1,2022,4,22,710,160035717,140,84,61,42,31,0,Techno
Every Breath You Take - Remastered 2003,The Police,1,1983,1,6,22439,1593270737,117,82,73,45,54,0,Pop
Viva La Vida,Coldplay,1,2008,1,1,33898,1592909789,138,49,42,62,9,0,Techno
BABY OTAKU,"Fran C, Polima WestCoast, Nickoog Clk, Pablito Pesadilla",4,2022,8,18,836,159240673,102,84,43,75,5,0,Pop
Igualito a Mi Apï¿,"Fuerza Regida, Peso Pluma",2,2022,12,30,265,158950978,145,76,80,81,19,0,Trance
RUMBATï¿½,Daddy Yankee,1,2022,3,25,1264,157990698,95,69,90,91,6,0,Rock
Kiss Me More (feat. SZA),"SZA, Doja Cat",2,2021,4,9,15867,1575467011,111,77,74,66,30,0,Pop
Antes de Perderte,Duki,1,2022,6,2,584,157136970,110,81,61,93,49,0,Pop
Fast Car,Luke Combs,1,2023,3,24,1446,157058870,98,71,67,60,19,0,Rock
United In Grief,Kendrick Lamar,1,2022,5,13,2575,156898322,87,52,32,83,24,0,Rock
Kahani Suno 2.0,Kaifi Khalil,1,2022,5,31,162,156777415,140,58,26,38,91,0,Techno
Pope Is a Rockstar,SALES,1,2016,4,20,1966,156658366,90,73,31,45,85,24,Rock
Boy's a liar Pt. 2,"PinkPantheress, Ice Spice",2,2023,2,3,5184,156338624,133,70,86,81,25,0,Techno
Boy's a liar,PinkPantheress,1,2022,11,30,1225,156338624,133,66,74,84,25,0,Techno
Malas Decisiones,Kenia OS,1,2022,10,26,542,156214700,110,81,64,79,5,0,Pop
MORE,j-hope,1,2022,7,1,565,155795783,97,78,31,72,1,0,Rock
Open Arms (feat. Travis Scott),"SZA, Travis Scott",2,2022,12,8,1420,155653938,78,67,22,59,76,1,Rock
Sweet Child O' Mine,Guns N' Roses,1,1987,1,1,41231,1553497987,125,45,67,90,9,11,Electrónica/Dance
Major Distribution,"Drake, 21 Savage",2,2022,11,4,1545,154863153,131,91,23,55,1,0,Techno
What Else Can I Do?,"Stephanie Beatriz, Diane Guerrero",2,2021,11,19,802,154797871,120,72,54,71,26,0,Pop
Miss You,Southstar,1,1982,5,16,2020,154356956,145,66,24,58,17,0,Trance
Malvada,Zï¿½ï¿½ Fe,1,2022,1,28,601,154119539,135,89,89,86,16,0,Techno
Erro Gostoso - Ao Vivo,Simone Mendes,1,2023,1,27,984,153454328,154,59,63,89,18,0,Trance
AMARGURA,Karol G,1,2023,2,24,1133,153372011,107,92,55,70,18,0,Pop
Freaky Deaky,"Tyga, Doja Cat",2,2022,2,25,1729,153240879,104,80,24,65,2,0,Pop
Dua Lipa,Jack Harlow,1,2022,5,6,1992,150500965,158,83,41,65,0,10,Trance
One Thing At A Time,Morgan Wallen,1,2022,12,2,811,148469433,142,61,92,91,0,0,Trance
Talk,YEAT,1,2022,9,2,920,148461629,140,70,26,76,8,0,Techno
Locked Out Of Heaven,Bruno Mars,1,2012,12,5,1622,1481349984,144,73,87,70,6,0,Trance
Take On Me,a-ha,1,1984,10,19,44927,1479115056,84,57,86,90,2,0,Rock
Overdrive,Post Malone,1,2023,7,14,410,14780425,140,56,48,73,0,0,Techno
Love Again,The Kid Laroi,1,2023,1,27,1283,147538971,107,66,47,40,72,0,Pop
Di Que Si,"Grupo Marca Registrada, Grupo Frontera",2,2023,2,3,356,147290338,182,57,80,59,8,0,Hardcore
Rolling in the Deep,Adele,1,2010,11,29,35684,1472799873,105,73,52,76,13,0,Pop
Mas Rica Que Ayer,"Mambo Kingz, DJ Luian, Anuel Aa",3,2023,3,2,1208,146409671,94,82,53,67,34,0,Rock
That's Hilarious,Charlie Puth,1,2022,4,8,686,146363130,108,71,55,44,74,0,Pop
Bamba (feat. Aitch & BIA),"Luciano, Aitch, Bï¿½",3,2022,9,22,869,146223492,138,80,82,81,14,0,Techno
The Nights,Avicii,1,2014,1,1,17354,1456081449,126,53,66,85,2,0,Electrónica/Dance
Oi Balde - Ao Vivo,Zï¿½ï¿½ Neto & Crist,1,2023,2,14,845,145458418,108,67,55,67,60,0,Pop
Call Out My Name,The Weeknd,1,2018,3,29,11087,1449799467,134,45,17,60,21,0,Techno
Heaven,Niall Horan,1,2023,2,17,1553,144584800,92,57,68,76,7,0,Rock
All My Life (feat. J. Cole),"J. Cole, Lil Durk",2,2023,5,12,2175,144565150,143,83,69,44,15,0,Trance
Me Porto Bonito,"Chencho Corleone, Bad Bunny",2,2022,5,6,8870,1440757818,92,91,43,71,9,0,Rock
Adore You,Harry Styles,1,2019,12,6,13454,1439191367,99,68,57,77,2,0,Rock
ýýýýýýýýýýýý,YOASOBI,1,2023,4,12,356,143573775,166,57,84,94,11,0,Hardcore
LA CANCIï¿½,"J Balvin, Bad Bunny",2,2019,6,28,6398,1435127549,176,75,43,65,15,0,Hardcore
212,"Mainstreet, Chefin",2,2022,1,15,352,143139338,154,79,86,52,66,0,Trance
The Real Slim Shady,Eminem,1,2000,1,1,20763,1424589568,104,95,78,66,3,0,Pop
Un Finde | CROSSOVER #2,"Big One, FMK, Ke personajes",3,2023,4,4,561,142095275,192,50,85,52,11,0,Hardcore
Circo Loco,"Drake, 21 Savage",2,2022,11,4,1794,141720999,104,73,25,61,1,0,Pop
Seven (feat. Latto) (Explicit Ver.),"Latto, Jung Kook",2,2023,7,14,553,141381703,125,80,89,83,31,0,Electrónica/Dance
The Night We Met,Lord Huron,1,2015,2,2,18515,1410088830,174,45,10,37,97,25,Hardcore
Easy On Me,Adele,1,2021,10,14,10195,1406111294,142,60,13,37,58,0,Trance
"Besharam Rang (From ""Pathaan"")","Vishal-Shekhar, Shilpa Rao, Caralisa Monteiro, Kumaar, Vishal Dadlani, Shekhar Ravjiani",6,2022,12,12,130,140187018,116,77,65,80,6,0,Pop
vampire,Olivia Rodrigo,1,2023,6,30,1397,140003974,138,51,32,53,17,0,Techno
"Apna Bana Le (From ""Bhediya"")","Arijit Singh, Sachin-Jigar",2,2022,11,5,86,139836056,94,59,44,56,80,0,Rock
Cupid,Fifty Fifty,1,2023,2,24,526,139681964,120,77,94,66,65,0,Pop
Fim de Semana no Rio,teto,1,2022,3,30,315,139193812,119,87,28,50,12,0,Pop
Seu Brilho Sumiu - Ao Vivo,"Israel & Rodolffo, Mari Fernandez",2,2023,3,1,967,138517666,154,63,75,92,31,0,Trance
Nos Comemos (feat. Ozuna),"Ozuna, Tiago pzk",2,2022,6,2,896,138334433,92,83,56,82,10,0,Rock
Let Me Down Slowly,Alec Benjamin,1,2018,5,25,5897,1374581173,150,65,51,55,73,0,Trance
Komang,Raim Laode,1,2022,8,16,158,137123880,134,70,35,41,41,0,Techno
ZOOM,Jessi,1,2022,4,13,608,136996305,100,87,46,60,1,0,Rock
Beggin,Mï¿½ï¿½ne,1,2017,12,8,8559,1367810478,134,71,59,80,13,0,Techno
Antidepresan,"Mabel Matiz, Mert Demir",2,2022,11,4,313,136689549,100,70,92,59,3,0,Rock
Cash In Cash Out,"Pharrell Williams, Tyler, The Creator, 21 Savage",4,2022,6,10,2313,136676504,120,88,15,56,1,0,Pop
Jhoome Jo Pathaan,"Arijit Singh, Vishal Dadlani, Sukriti Kakar, Vishal-Shekhar, Shekhar Ravjiani, Kumaar",6,2022,12,22,138,1365184,105,82,62,74,10,0,Pop
Numb,Linkin Park,1,2003,3,24,20111,1361425037,110,50,24,86,0,0,Pop
"Quevedo: Bzrp Music Sessions, Vol. 52","Bizarrap, Quevedo",2,2022,7,6,8506,1356565093,128,62,55,78,1,3,Electrónica/Dance
Wild Flower (with youjeen),RM,1,2022,12,2,353,135611421,155,49,42,77,3,0,Trance
Blank Space,Taylor Swift,1,2014,1,1,11434,1355959075,96,75,57,68,9,0,Rock
O.O,NMIXX,1,2022,2,22,290,135444283,200,39,28,77,4,0,Hardcore
Brividi,"Mahmood, Blanco",2,2022,2,2,1175,135079152,123,52,44,60,40,0,Electrónica/Dance
Zona De Perigo,Leo Santana,1,2022,12,8,531,134294498,135,81,97,77,75,0,Techno
TRUSTFALL,P!nk,1,2023,1,27,2098,134255790,122,64,25,89,0,0,Electrónica/Dance
En La De Ella,"Feid, Sech, Jhayco",3,2022,10,20,1320,133895612,97,82,67,77,8,0,Rock
"Angel Pt 1 (feat. Jimin of BTS, JVKE & Muni Long)","Kodak Black, NLE Choppa, Muni Long, JVKE, Jimin",5,2023,5,1,577,133753727,74,53,24,67,11,0,Rock
LALA,Myke Towers,1,2023,3,23,1474,133716286,92,71,61,74,7,0,Rock
This Love (Taylorï¿½ï¿½ï¿½s Ve,Taylor Swift,1,2022,5,6,1492,132171975,144,47,7,50,32,0,Trance
die first,Nessa Barrett,1,2022,6,24,767,131746175,183,44,44,67,7,0,Hardcore
Take My Breath,The Weeknd,1,2021,8,6,2597,130655803,121,70,35,77,1,0,Electrónica/Dance
Callaita,"Bad Bunny, Tainy",2,2019,5,31,9539,1304313953,176,61,24,62,60,0,Hardcore
Layla,"Schï¿½ï¿½rze, DJ R",2,2022,3,24,832,130419412,140,44,41,92,0,0,Techno
Heather,Conan Gray,1,2020,3,20,6170,1301799902,92,47,25,43,62,0,Rock
Baile no Morro,"Mc Vitin Da Igrejinha, MC Tairon, DJ Win",3,2022,6,10,685,129314708,130,71,78,40,46,0,Electrónica/Dance
Iris,The Goo Goo Dolls,1,1998,3,31,13101,1284942608,156,32,49,72,0,0,Trance
Say Yes To Heaven,Lana Del Rey,1,2023,3,17,2000,127567540,100,49,17,35,71,9,Rock
Dance The Night (From Barbie The Album),Dua Lipa,1,2023,5,25,2988,127408954,110,67,78,85,2,0,Pop
Father Time (feat. Sampha),"Kendrick Lamar, Sampha",2,2022,5,13,3107,127309180,153,55,50,78,19,0,Trance
Creep,Radiohead,1,1992,9,21,36724,1271293243,92,53,12,34,1,0,Rock
Deck The Hall - Remastered 1999,Nat King Cole,1,1959,1,1,3299,127027715,107,69,96,36,81,0,Pop
Las Morras,"BLESSD, Peso Pluma",2,2023,4,4,291,127026613,133,78,90,84,31,0,Techno
Why'd You Only Call Me When You're High?,Arctic Monkeys,1,2013,1,1,23389,1267333350,92,70,81,63,4,0,Rock
Soy El Unico,Yahritza Y Su Esencia,1,2022,3,25,226,126443991,84,71,63,45,45,0,Rock
Titi Me Preguntï¿,Bad Bunny,1,2022,5,6,9037,1264310836,107,65,19,72,10,0,Pop
Count Me Out,Kendrick Lamar,1,2022,5,13,2729,126191104,134,78,51,43,69,0,Techno
Yonaguni,Bad Bunny,1,2021,6,4,9644,1260594497,180,64,44,65,28,0,Hardcore
Thinkinï¿½ï¿½ï¿½ B,Morgan Wallen,1,2023,3,3,604,125917280,140,66,43,76,49,0,Techno
deja vu,Olivia Rodrigo,1,2021,4,1,7545,1256880657,181,44,22,60,61,0,Hardcore
LLYLM,ROSALï¿½,1,2023,1,27,1838,124988687,170,56,56,63,13,0,Hardcore
Miserable Man,David Kushner,1,2022,1,7,788,124407432,110,63,31,35,93,0,Pop
Mockingbird,Eminem,1,2004,1,1,12985,1241559043,84,62,24,67,21,0,Rock
We Found Love,"Rihanna, Calvin Harris",2,2011,1,1,36843,1235005533,128,73,60,77,3,0,Electrónica/Dance
"Stay With Me (with Justin Timberlake, Halsey, & Pharrell)","Calvin Harris, Halsey, Pharrell Williams, Justin Timberlake",4,2022,7,15,3113,123473120,126,81,90,73,28,0,Electrónica/Dance
Silent Hill,"Kendrick Lamar, Kodak Black",2,2022,5,13,3028,123216717,140,92,78,57,46,0,Techno
I AM,IVE,1,2023,4,10,366,123132751,122,68,38,88,1,0,Electrónica/Dance
Acrï¿½ï¿½s,Shakira,1,2023,5,11,955,123124076,144,75,35,48,84,0,Trance
Unholy (feat. Kim Petras),"Sam Smith, Kim Petras",2,2022,9,22,8576,1230675890,131,71,24,47,1,0,Techno
"Hey, Mickey!",Baby Tate,1,2016,9,27,482,122763672,135,92,73,51,55,0,Techno
Enemy - from the series Arcane League of Legends,"Imagine Dragons, League of Legends, Arcane",3,2021,10,27,824,1223481149,77,73,54,74,23,0,Rock
Enemy (with JID) - from the series Arcane League of Legends,"Imagine Dragons, League of Legends, JID, Arcane",4,2021,9,3,6180,1223481149,77,72,59,76,24,0,Rock
Bigger Than The Whole Sky,Taylor Swift,1,2022,10,21,1180,121871870,166,42,7,24,83,1,Hardcore
La Bachata,Manuel Turizo,1,2022,5,26,6804,1214083358,125,84,85,68,58,0,Electrónica/Dance
La Loto,"Anitta, Tini, Becky G",3,2022,7,6,945,121189256,90,85,80,83,10,0,Rock
I Tried to Tell Y'all,"Ugly Dray, Tesla Jnr",2,2022,5,6,1657,121077868,96,71,37,52,62,0,Rock
Still D.R.E.,"Dr. Dre, Snoop Dogg",2,1999,1,1,33966,1210599487,93,81,53,78,18,0,Rock
Muï¿½ï¿½,"Steve Aoki, Tini, La Joaqui",3,2023,1,12,658,120972253,90,68,83,71,3,0,Rock
"Nobody Like U - From ""Turning Red""","Jordan Fisher, Josh Levi, Finneas O'Connell, 4*TOWN (From Disney and Pixarï¿½ï¿½ï¿½s Turning Red), Topher Ngo, Grayson Vill",6,2022,2,25,918,120847157,105,91,73,72,13,0,Pop
Everybody Wants To Rule The World,Tears For Fears,1,1985,2,17,41751,1205951614,112,64,54,81,36,0,Pop
In Da Club,50 Cent,1,2002,1,1,30427,1202722675,90,90,79,71,26,0,Rock
Hope,XXXTENTACION,1,2018,3,16,3659,1200808494,146,59,23,46,66,0,Trance
"Gol Bolinha, Gol Quadrado 2","Mc Pedrinho, DJ 900",2,2023,6,1,293,11956641,133,93,68,65,42,0,Techno
How Do I Make You Love Me?,The Weeknd,1,2022,1,7,1915,119238316,121,80,62,51,2,0,Electrónica/Dance
Haegeum,Agust D,1,2023,4,21,244,118810253,85,70,83,84,31,0,Rock
Take Two,BTS,1,2023,6,9,674,118482347,93,62,57,59,3,0,Rock
Contection,"GODZZ__-, Zakaria",2,2020,1,16,6955,1180896317,166,81,83,75,14,0,Hardcore
you broke me first,Tate McRae,1,2020,4,17,6638,1180094974,124,64,8,37,79,0,Electrónica/Dance
Never Felt So Alone,Labrinth,1,2023,4,7,1730,117747907,98,44,36,41,50,0,Rock
REMIX EXCLUSIVO,Feid,1,2023,3,17,1235,117206995,87,65,71,56,4,0,Rock
Gasoline,The Weeknd,1,2022,1,7,2297,116903579,123,74,35,73,0,0,Electrónica/Dance
Todo De Ti,Rauw Alejandro,1,2020,11,2,11975,1168642797,128,81,57,63,40,1,Electrónica/Dance
on the street (with J. Cole),"j-hope, J. Cole",2,2023,3,3,615,116599790,94,68,81,82,53,0,Rock
Set Fire to the Rain,Adele,1,2011,1,1,14739,1163620694,108,61,47,68,0,0,Pop
Dijeron Que No La Iba Lograr,"Fuerza Regida, Chino Pacas",2,2023,3,14,320,116334601,142,70,76,79,26,0,Trance
Kill Bill,SZA,1,2022,12,8,8109,1163093654,89,64,43,73,5,17,Rock
Tubarï¿½ï¿½o Te,"Dj LK da Escï¿½ï¿½cia, Tchakabum, mc jhenny, M",4,2022,9,28,1003,116144341,130,89,48,74,30,0,Electrónica/Dance
Popular (with Playboi Carti & Madonna) - The Idol Vol. 1 (Music from the HBO Original Series),"The Weeknd, Madonna, Playboi Carti",3,2023,6,2,1945,115364561,99,85,83,68,7,0,Rock
Poland,Lil Yachty,1,2022,6,23,1584,115331792,150,70,26,56,14,83,Trance
Niï¿½ï¿½a Bo,"Sean Paul, Feid",2,2023,4,21,1305,115010040,91,82,47,62,10,0,Rock
For Youth,BTS,1,2022,6,10,327,114546317,117,63,29,51,43,0,Pop
Butter,BTS,1,2021,5,21,4779,1143647827,110,79,70,36,0,0,Pop
Astronaut In The Ocean,Masked Wolf,1,2019,1,1,7191,1138474110,150,78,47,70,18,0,Trance
Area Codes,"Kaliii, Kaliii",2,2023,3,17,1197,113509496,155,82,51,39,2,0,Trance
Ojitos Lindos,"Bomba Estï¿½ï¿½reo, Bad B",2,2022,5,6,6135,1133865788,80,65,27,69,8,0,Rock
Daddy Issues,The Neighbourhood,1,2015,10,30,9771,1127468248,85,59,33,52,7,15,Rock
Privileged Rappers,"Drake, 21 Savage",2,2022,11,4,1007,112436403,144,93,62,61,0,0,Trance
SLOW DANCING IN THE DARK,Joji,1,2018,9,12,10211,1122364376,89,52,28,48,54,1,Rock
Tï¿½ï¿,"dennis, MC Kevin o Chris",2,2023,5,4,731,111947664,130,86,59,96,50,1,Electrónica/Dance
Dandelions,Ruth B.,1,2017,4,28,3423,1116995633,117,61,45,69,2,0,Pop
Leave The Door Open,"Bruno Mars, Anderson .Paak, Silk Sonic",3,2021,3,5,14417,1115880852,148,59,72,62,18,0,Trance
Shake It Off,Taylor Swift,1,2014,1,1,21335,1113838873,160,65,95,80,5,0,Trance
I'm Good (Blue),"Bebe Rexha, David Guetta",2,2022,8,26,12482,1109433169,128,56,38,97,4,0,Electrónica/Dance
Love Language,SZA,1,2022,12,9,1127,110849052,65,71,55,26,85,0,Blues
Raindrops (Insane) [with Travis Scott],"Travis Scott, Metro Boomin",2,2022,12,2,880,110649992,112,80,15,54,9,0,Pop
Ghost in the Machine (feat. Phoebe Bridgers),"SZA, Phoebe Bridgers",2,2022,12,9,1634,110073250,125,62,59,43,84,3,Electrónica/Dance
Money Trees,"Kendrick Lamar, Jay Rock",2,2012,1,1,26792,1093605526,144,74,37,53,7,0,Trance
Somewhere Only We Know,Keane,1,2004,1,1,20015,1089402494,172,45,33,59,6,0,Hardcore
Lï¿½ï¿½ï¿,Stromae,1,2022,1,9,2035,108809090,88,56,58,55,35,0,Rock
El Cielo,"Feid, Myke Towers, Sky Rompiendo",3,2023,6,2,1298,107753850,106,72,17,64,7,0,Pop
Sugar Rush Ride,TOMORROW X TOGETHER,1,2023,1,27,359,107642809,125,71,83,89,1,0,Electrónica/Dance
City of Gods,"Kanye West, Alicia Keys, Fivio Foreign",3,2022,2,11,2096,107255472,147,47,50,80,10,0,Trance
Sigue,"Ed Sheeran, J Balvin",2,1996,11,24,1370,106933107,88,89,59,64,5,0,Rock
Honest (feat. Don Toliver),"Justin Bieber, Don Toliver",2,2022,4,29,1351,106919680,150,82,82,66,13,0,Trance
Boy With Luv (feat. Halsey),"Halsey, BTS",2,2019,4,12,4260,1065580332,120,65,80,86,9,0,Pop
Talking To The Moon,Bruno Mars,1,2010,10,4,7109,1062956628,146,52,7,61,51,0,Trance
Broke Boys,"Drake, 21 Savage",2,2022,11,4,1060,106249219,120,64,11,53,1,0,Pop
The Business,Tiï¿½ï¿,1,2020,1,1,14311,1062345656,120,80,24,62,41,2,Pop
My Universe,"Coldplay, BTS",2,2021,9,24,6127,1061966512,105,58,42,68,1,0,Pop
Private Landing (feat. Justin Bieber & Future),"Don Toliver, Future, Justin Bieber",3,2023,2,23,1190,105062254,137,84,44,67,8,0,Techno
Princess Diana (with Nicki Minaj),"Nicki Minaj, Ice Spice",2,2023,4,14,1444,104992946,148,90,74,68,14,0,Trance
Efecto,Bad Bunny,1,2022,5,6,4004,1047480053,98,80,23,48,14,0,Rock
See You Again,"Tyler, The Creator, Kali Uchis",3,2017,7,21,13387,1047101291,79,56,58,56,37,0,Rock
Cupid ï¿½ï¿½ï¿½ Twin Ver. (FIFTY FIFTY) ï¿½ï¿½ï¿½ Spe,sped up 8282,1,1997,1,1,472,103762518,144,74,75,73,42,0,Trance
Running Up That Hill (A Deal With God),Kate Bush,1,1985,9,16,21811,1024858327,108,63,20,55,72,0,Pop
Falling,Harry Styles,1,2019,12,13,7556,1023187129,110,57,6,27,84,0,Pop
Revenge,XXXTENTACION,1,2017,8,25,3600,1022258230,140,75,18,25,78,0,Techno
Right On,Lil Baby,1,2022,4,8,1116,101780047,166,70,22,61,2,0,Hardcore
Best Friends,The Weeknd,1,2022,1,7,1292,101114984,87,49,49,59,44,0,Rock
"Arcï¿½ï¿½ngel: Bzrp Music Sessions, Vol","Arcangel, Bizarrap",2,2023,3,22,654,100409613,124,72,79,78,55,0,Electrónica/Dance
